,year,state,lbs_of_honey
0,2019,US TOTAL,41022000
1,2019,ALABAMA,44000
2,2019,ARIZONA,201000
3,2019,ARKANSAS,176000
4,2019,CALIFORNIA,3216000
5,2019,COLORADO,500000
6,2019,FLORIDA,830000
7,2019,GEORGIA,370000
8,2019,HAWAII,51000
9,2019,IDAHO,677000
10,2019,ILLINOIS,116000
11,2019,INDIANA,198000
12,2019,IOWA,1170000
13,2019,KANSAS,171000
14,2019,KENTUCKY,44000
15,2019,LOUISIANA,428000
16,2019,MAINE,110000
17,2019,MICHIGAN,1363000
18,2019,MINNESOTA,3063000
19,2019,MISSISSIPPI,141000
20,2019,MISSOURI,73000
21,2019,MONTANA,5802000
22,2019,NEBRASKA,223000
23,2019,NEW JERSEY,155000
24,2019,NEW YORK,1027000
25,2019,NORTH CAROLINA,118000
26,2019,NORTH DAKOTA,6422000
27,2019,OHIO,442000
28,2019,OREGON,1141000
29,2019,OTHER STATES,351000
30,2019,PENNSYLVANIA,409000
31,2019,SOUTH CAROLINA,45000
32,2019,SOUTH DAKOTA,7582000
33,2019,TENNESSEE,91000
34,2019,TEXAS,1814000
35,2019,UTAH,89000
36,2019,VERMONT,84000
37,2019,VIRGINIA,49000
38,2019,WASHINGTON,1191000
39,2019,WEST VIRGINIA,47000
40,2019,WISCONSIN,692000
41,2019,WYOMING,306000
42,2018,US TOTAL,29303000
43,2018,ALABAMA,14000
44,2018,ARIZONA,109000
45,2018,ARKANSAS,84000
46,2018,CALIFORNIA,3022000
47,2018,COLORADO,283000
48,2018,FLORIDA,737000
49,2018,GEORGIA,200000
50,2018,HAWAII,18000
51,2018,IDAHO,655000
52,2018,ILLINOIS,108000
53,2018,INDIANA,106000
54,2018,IOWA,1005000
55,2018,KANSAS,95000
56,2018,KENTUCKY,34000
57,2018,LOUISIANA,261000
58,2018,MAINE,92000
59,2018,MICHIGAN,768000
60,2018,MINNESOTA,1161000
61,2018,MISSISSIPPI,70000
62,2018,MISSOURI,36000
63,2018,MONTANA,3680000
64,2018,NEBRASKA,850000
65,2018,NEW JERSEY,165000
66,2018,NEW YORK,833000
67,2018,NORTH CAROLINA,63000
68,2018,NORTH DAKOTA,4752000
69,2018,OHIO,491000
70,2018,OREGON,1009000
71,2018,OTHER STATES,314000
72,2018,PENNSYLVANIA,309000
73,2018,SOUTH CAROLINA,15000
74,2018,SOUTH DAKOTA,5154000
75,2018,TENNESSEE,84000
76,2018,TEXAS,1035000
77,2018,UTAH,75000
78,2018,VERMONT,94000
79,2018,VIRGINIA,35000
80,2018,WASHINGTON,563000
81,2018,WEST VIRGINIA,38000
82,2018,WISCONSIN,711000
83,2018,WYOMING,175000
84,2017,US TOTAL,30671000
85,2017,ALABAMA,22000
86,2017,ARIZONA,97000
87,2017,ARKANSAS,197000
88,2017,CALIFORNIA,2198000
89,2017,COLORADO,284000
90,2017,FLORIDA,529000
91,2017,GEORGIA,190000
92,2017,HAWAII,25000
93,2017,IDAHO,1045000
94,2017,ILLINOIS,167000
95,2017,INDIANA,158000
96,2017,IOWA,1035000
97,2017,KANSAS,260000
98,2017,KENTUCKY,42000
99,2017,LOUISIANA,279000
100,2017,MAINE,51000
101,2017,MICHIGAN,822000
102,2017,MINNESOTA,1016000
103,2017,MISSISSIPPI,124000
104,2017,MISSOURI,57000
105,2017,MONTANA,2506000
106,2017,NEBRASKA,423000
107,2017,NEW JERSEY,167000
108,2017,NEW YORK,766000
109,2017,NORTH CAROLINA,99000
110,2017,NORTH DAKOTA,4377000
111,2017,OHIO,657000
112,2017,OREGON,998000
113,2017,OTHER STATES,193000
114,2017,PENNSYLVANIA,177000
115,2017,SOUTH CAROLINA,27000
116,2017,SOUTH DAKOTA,6541000
117,2017,TENNESSEE,75000
118,2017,TEXAS,2297000
119,2017,UTAH,67000
120,2017,VERMONT,144000
121,2017,VIRGINIA,46000
122,2017,WASHINGTON,1594000
123,2017,WEST VIRGINIA,50000
124,2017,WISCONSIN,683000
125,2017,WYOMING,186000
126,2016,US TOTAL,41314000
127,2016,ALABAMA,33000
128,2016,ARIZONA,261000
129,2016,ARKANSAS,99000
130,2016,CALIFORNIA,2009000
131,2016,COLORADO,282000
132,2016,FLORIDA,538000
133,2016,GEORGIA,899000
134,2016,HAWAII,142000
135,2016,IDAHO,1253000
136,2016,ILLINOIS,77000
137,2016,INDIANA,238000
138,2016,IOWA,746000
139,2016,KANSAS,54000
140,2016,KENTUCKY,48000
141,2016,LOUISIANA,301000
142,2016,MAINE,65000
143,2016,MICHIGAN,1709000
144,2016,MINNESOTA,1390000
145,2016,MISSISSIPPI,113000
146,2016,MISSOURI,30000
147,2016,MONTANA,3183000
148,2016,NEBRASKA,640000
149,2016,NEW JERSEY,198000
150,2016,NEW YORK,1167000
151,2016,NORTH CAROLINA,89000
152,2016,NORTH DAKOTA,6809000
153,2016,OHIO,664000
154,2016,OREGON,622000
155,2016,OTHER STATES,432000
156,2016,PENNSYLVANIA,266000
157,2016,SOUTH CAROLINA,36000
158,2016,SOUTH DAKOTA,12127000
159,2016,TENNESSEE,69000
160,2016,TEXAS,2607000
161,2016,UTAH,169000
162,2016,VERMONT,69000
163,2016,VIRGINIA,30000
164,2016,WASHINGTON,412000
165,2016,WEST VIRGINIA,43000
166,2016,WISCONSIN,1205000
167,2016,WYOMING,190000
168,2015,US TOTAL,42205000
169,2015,ALABAMA,13000
170,2015,ARIZONA,306000
171,2015,ARKANSAS,121000
172,2015,CALIFORNIA,1485000
173,2015,COLORADO,399000
174,2015,FLORIDA,832000
175,2015,GEORGIA,221000
176,2015,HAWAII,82000
177,2015,IDAHO,1082000
178,2015,ILLINOIS,155000
179,2015,INDIANA,165000
180,2015,IOWA,990000
181,2015,KANSAS,107000
182,2015,KENTUCKY,55000
183,2015,LOUISIANA,348000
184,2015,MAINE,47000
185,2015,MICHIGAN,1984000
186,2015,MINNESOTA,2157000
187,2015,MISSISSIPPI,87000
188,2015,MISSOURI,52000
189,2015,MONTANA,3757000
190,2015,NEBRASKA,1450000
191,2015,NEW JERSEY,207000
192,2015,NEW YORK,899000
193,2015,NORTH CAROLINA,103000
194,2015,NORTH DAKOTA,9428000
195,2015,OHIO,357000
196,2015,OREGON,809000
197,2015,OTHER STATES,371000
198,2015,PENNSYLVANIA,225000
199,2015,SOUTH CAROLINA,38000
200,2015,SOUTH DAKOTA,9379000
201,2015,TENNESSEE,78000
202,2015,TEXAS,1164000
203,2015,UTAH,147000
204,2015,VERMONT,62000
205,2015,VIRGINIA,41000
206,2015,WASHINGTON,1221000
207,2015,WEST VIRGINIA,32000
208,2015,WISCONSIN,1603000
209,2015,WYOMING,146000
210,2014,US TOTAL,41207000
211,2014,ALABAMA,26000
212,2014,ARIZONA,193000
213,2014,ARKANSAS,137000
214,2014,CALIFORNIA,2995000
215,2014,COLORADO,200000
216,2014,FLORIDA,1029000
217,2014,GEORGIA,362000
218,2014,HAWAII,140000
219,2014,IDAHO,850000
220,2014,ILLINOIS,94000
221,2014,INDIANA,115000
222,2014,IOWA,933000
223,2014,KANSAS,84000
224,2014,KENTUCKY,56000
225,2014,LOUISIANA,524000
226,2014,MAINE,41000
227,2014,MICHIGAN,1835000
228,2014,MINNESOTA,1426000
229,2014,MISSISSIPPI,45000
230,2014,MISSOURI,96000
231,2014,MONTANA,5132000
232,2014,NEBRASKA,1688000
233,2014,NEW JERSEY,119000
234,2014,NEW YORK,1518000
235,2014,NORTH CAROLINA,88000
236,2014,NORTH DAKOTA,9271000
237,2014,OHIO,256000
238,2014,OREGON,767000
239,2014,OTHER STATES,202000
240,2014,PENNSYLVANIA,203000
241,2014,SOUTH CAROLINA,19000
242,2014,SOUTH DAKOTA,5846000
243,2014,TENNESSEE,88000
244,2014,TEXAS,2081000
245,2014,UTAH,130000
246,2014,VERMONT,81000
247,2014,VIRGINIA,52000
248,2014,WASHINGTON,1167000
249,2014,WEST VIRGINIA,33000
250,2014,WISCONSIN,1030000
251,2014,WYOMING,255000
252,2013,US TOTAL,38175000
253,2013,ALABAMA,55000
254,2013,ARIZONA,251000
255,2013,ARKANSAS,66000
256,2013,CALIFORNIA,2505000
257,2013,COLORADO,324000
258,2013,FLORIDA,1074000
259,2013,GEORGIA,637000
260,2013,HAWAII,65000
261,2013,IDAHO,1036000
262,2013,ILLINOIS,101000
263,2013,INDIANA,82000
264,2013,IOWA,1217000
265,2013,KANSAS,39000
266,2013,KENTUCKY,17000
267,2013,LOUISIANA,490000
268,2013,MAINE,27000
269,2013,MICHIGAN,982000
270,2013,MINNESOTA,1282000
271,2013,MISSISSIPPI,39000
272,2013,MISSOURI,85000
273,2013,MONTANA,5231000
274,2013,NEBRASKA,1628000
275,2013,NEW JERSEY,34000
276,2013,NEW YORK,1030000
277,2013,NORTH CAROLINA,84000
278,2013,NORTH DAKOTA,6955000
279,2013,OHIO,390000
280,2013,OREGON,456000
281,2013,OTHER STATES,186000
282,2013,PENNSYLVANIA,257000
283,2013,SOUTH DAKOTA,6381000
284,2013,TENNESSEE,63000
285,2013,TEXAS,1689000
286,2013,UTAH,92000
287,2013,VERMONT,61000
288,2013,VIRGINIA,42000
289,2013,WASHINGTON,1023000
290,2013,WEST VIRGINIA,83000
291,2013,WISCONSIN,1558000
292,2013,WYOMING,558000
293,2012,US TOTAL,31829000
294,2012,ALABAMA,65000
295,2012,ARIZONA,253000
296,2012,ARKANSAS,189000
297,2012,CALIFORNIA,3119000
298,2012,COLORADO,468000
299,2012,FLORIDA,1235000
300,2012,GEORGIA,181000
301,2012,HAWAII,263000
302,2012,IDAHO,530000
303,2012,ILLINOIS,145000
304,2012,INDIANA,203000
305,2012,IOWA,1196000
306,2012,KANSAS,125000
307,2012,KENTUCKY,41000
308,2012,LOUISIANA,141000
309,2012,MAINE,24000
310,2012,MICHIGAN,1332000
311,2012,MINNESOTA,1591000
312,2012,MISSISSIPPI,64000
313,2012,MISSOURI,108000
314,2012,MONTANA,2413000
315,2012,NEBRASKA,1146000
316,2012,NEW JERSEY,51000
317,2012,NEW MEXICO,99000
318,2012,NEW YORK,988000
319,2012,NORTH CAROLINA,106000
320,2012,NORTH DAKOTA,5962000
321,2012,OHIO,410000
322,2012,OREGON,845000
323,2012,OTHER STATES,167000
324,2012,PENNSYLVANIA,269000
325,2012,SOUTH DAKOTA,3604000
326,2012,TENNESSEE,59000
327,2012,TEXAS,718000
328,2012,UTAH,209000
329,2012,VERMONT,53000
330,2012,VIRGINIA,23000
331,2012,WASHINGTON,1017000
332,2012,WEST VIRGINIA,95000
333,2012,WISCONSIN,1863000
334,2012,WYOMING,459000
335,2011,US TOTAL,36761000
336,2011,ALABAMA,63000
337,2011,ARIZONA,427000
338,2011,ARKANSAS,239000
339,2011,CALIFORNIA,3730000
340,2011,COLORADO,443000
341,2011,FLORIDA,988000
342,2011,GEORGIA,196000
343,2011,HAWAII,246000
344,2011,IDAHO,1879000
345,2011,ILLINOIS,98000
346,2011,INDIANA,147000
347,2011,IOWA,961000
348,2011,KANSAS,117000
349,2011,KENTUCKY,12000
350,2011,LOUISIANA,471000
351,2011,MAINE,17000
352,2011,MICHIGAN,2084000
353,2011,MINNESOTA,2099000
354,2011,MISSISSIPPI,104000
355,2011,MISSOURI,76000
356,2011,MONTANA,3202000
357,2011,NEBRASKA,653000
358,2011,NEW JERSEY,135000
359,2011,NEW MEXICO,153000
360,2011,NEW YORK,1235000
361,2011,NORTH CAROLINA,95000
362,2011,NORTH DAKOTA,7512000
363,2011,OHIO,228000
364,2011,OREGON,755000
365,2011,OTHER STATES,211000
366,2011,PENNSYLVANIA,306000
367,2011,SOUTH DAKOTA,4290000
368,2011,TENNESSEE,68000
369,2011,TEXAS,633000
370,2011,UTAH,170000
371,2011,VERMONT,43000
372,2011,VIRGINIA,21000
373,2011,WASHINGTON,836000
374,2011,WEST VIRGINIA,45000
375,2011,WISCONSIN,1508000
376,2011,WYOMING,265000
377,2010,US TOTAL,45018000
378,2010,ALABAMA,73000
379,2010,ARIZONA,665000
380,2010,ARKANSAS,360000
381,2010,CALIFORNIA,6318000
382,2010,COLORADO,533000
383,2010,FLORIDA,1794000
384,2010,GEORGIA,152000
385,2010,HAWAII,239000
386,2010,IDAHO,1179000
387,2010,ILLINOIS,92000
388,2010,INDIANA,151000
389,2010,IOWA,463000
390,2010,KANSAS,103000
391,2010,KENTUCKY,67000
392,2010,LOUISIANA,288000
393,2010,MAINE,33000
394,2010,MICHIGAN,1524000
395,2010,MINNESOTA,1774000
396,2010,MISSISSIPPI,78000
397,2010,MISSOURI,92000
398,2010,MONTANA,2905000
399,2010,NEBRASKA,902000
400,2010,NEW JERSEY,73000
401,2010,NEW MEXICO,157000
402,2010,NEW YORK,1123000
403,2010,NORTH CAROLINA,144000
404,2010,NORTH DAKOTA,12995000
405,2010,OHIO,346000
406,2010,OREGON,874000
407,2010,OTHER STATES,221000
408,2010,PENNSYLVANIA,377000
409,2010,SOUTH DAKOTA,4765000
410,2010,TENNESSEE,106000
411,2010,TEXAS,792000
412,2010,UTAH,195000
413,2010,VERMONT,73000
414,2010,VIRGINIA,37000
415,2010,WASHINGTON,1077000
416,2010,WEST VIRGINIA,40000
417,2010,WISCONSIN,1556000
418,2010,WYOMING,282000
419,2009,US TOTAL,37516000
420,2009,ALABAMA,68000
421,2009,ARIZONA,562000
422,2009,ARKANSAS,301000
423,2009,CALIFORNIA,2109000
424,2009,COLORADO,326000
425,2009,FLORIDA,1618000
426,2009,GEORGIA,346000
427,2009,HAWAII,323000
428,2009,IDAHO,1706000
429,2009,ILLINOIS,57000
430,2009,INDIANA,101000
431,2009,IOWA,339000
432,2009,KANSAS,164000
433,2009,KENTUCKY,25000
434,2009,LOUISIANA,610000
435,2009,MAINE,51000
436,2009,MICHIGAN,1505000
437,2009,MINNESOTA,1427000
438,2009,MISSISSIPPI,87000
439,2009,MISSOURI,57000
440,2009,MONTANA,3577000
441,2009,NEBRASKA,1102000
442,2009,NEW JERSEY,70000
443,2009,NEW MEXICO,143000
444,2009,NEW YORK,936000
445,2009,NORTH CAROLINA,84000
446,2009,NORTH DAKOTA,7623000
447,2009,OHIO,132000
448,2009,OREGON,767000
449,2009,OTHER STATES,194000
450,2009,PENNSYLVANIA,319000
451,2009,SOUTH DAKOTA,6237000
452,2009,TENNESSEE,86000
453,2009,TEXAS,1065000
454,2009,UTAH,198000
455,2009,VERMONT,69000
456,2009,VIRGINIA,56000
457,2009,WASHINGTON,1064000
458,2009,WEST VIRGINIA,33000
459,2009,WISCONSIN,1588000
460,2009,WYOMING,391000
461,2008,US TOTAL,51159000
462,2008,ALABAMA,214000
463,2008,ARIZONA,336000
464,2008,ARKANSAS,525000
465,2008,CALIFORNIA,4039000
466,2008,COLORADO,656000
467,2008,FLORIDA,1304000
468,2008,GEORGIA,369000
469,2008,HAWAII,225000
470,2008,IDAHO,1440000
471,2008,ILLINOIS,116000
472,2008,INDIANA,150000
473,2008,IOWA,580000
474,2008,KANSAS,128000
475,2008,KENTUCKY,27000
476,2008,LOUISIANA,493000
477,2008,MAINE,79000
478,2008,MICHIGAN,2021000
479,2008,MINNESOTA,2569000
480,2008,MISSISSIPPI,110000
481,2008,MISSOURI,152000
482,2008,MONTANA,4596000
483,2008,NEBRASKA,1254000
484,2008,NEVADA,52000
485,2008,NEW JERSEY,122000
486,2008,NEW MEXICO,95000
487,2008,NEW YORK,1260000
488,2008,NORTH CAROLINA,137000
489,2008,NORTH DAKOTA,8640000
490,2008,OHIO,371000
491,2008,OREGON,1097000
492,2008,OTHER STATES,163000
493,2008,PENNSYLVANIA,276000
494,2008,SOUTH DAKOTA,11970000
495,2008,TENNESSEE,149000
496,2008,TEXAS,1380000
497,2008,UTAH,242000
498,2008,VERMONT,119000
499,2008,VIRGINIA,45000
500,2008,WASHINGTON,862000
501,2008,WEST VIRGINIA,49000
502,2008,WISCONSIN,2366000
503,2008,WYOMING,381000
504,2007,US TOTAL,52635000
505,2007,ALABAMA,209000
506,2007,ARIZONA,902000
507,2007,ARKANSAS,672000
508,2007,CALIFORNIA,3672000
509,2007,COLORADO,838000
510,2007,FLORIDA,1363000
511,2007,GEORGIA,522000
512,2007,HAWAII,285000
513,2007,IDAHO,1848000
514,2007,ILLINOIS,374000
515,2007,INDIANA,119000
516,2007,IOWA,1221000
517,2007,KANSAS,196000
518,2007,KENTUCKY,54000
519,2007,LOUISIANA,413000
520,2007,MAINE,59000
521,2007,MICHIGAN,2350000
522,2007,MINNESOTA,2564000
523,2007,MISSISSIPPI,166000
524,2007,MISSOURI,148000
525,2007,MONTANA,2479000
526,2007,NEBRASKA,1477000
527,2007,NEVADA,67000
528,2007,NEW JERSEY,185000
529,2007,NEW MEXICO,138000
530,2007,NEW YORK,1843000
531,2007,NORTH CAROLINA,76000
532,2007,NORTH DAKOTA,9013000
533,2007,OHIO,376000
534,2007,OREGON,1088000
535,2007,OTHER STATES,230000
536,2007,PENNSYLVANIA,326000
537,2007,SOUTH DAKOTA,10608000
538,2007,TENNESSEE,114000
539,2007,TEXAS,1550000
540,2007,UTAH,270000
541,2007,VERMONT,96000
542,2007,VIRGINIA,63000
543,2007,WASHINGTON,648000
544,2007,WEST VIRGINIA,95000
545,2007,WISCONSIN,3024000
546,2007,WYOMING,894000
547,2006,US TOTAL,60484000
548,2006,ALABAMA,230000
549,2006,ARIZONA,839000
550,2006,ARKANSAS,730000
551,2006,CALIFORNIA,7706000
552,2006,COLORADO,1458000
553,2006,FLORIDA,1790000
554,2006,GEORGIA,746000
555,2006,HAWAII,233000
556,2006,IDAHO,2592000
557,2006,ILLINOIS,356000
558,2006,INDIANA,125000
559,2006,IOWA,1441000
560,2006,KANSAS,246000
561,2006,KENTUCKY,70000
562,2006,LOUISIANA,675000
563,2006,MAINE,86000
564,2006,MICHIGAN,2099000
565,2006,MINNESOTA,3300000
566,2006,MISSISSIPPI,453000
567,2006,MISSOURI,117000
568,2006,MONTANA,1981000
569,2006,NEBRASKA,3843000
570,2006,NEVADA,50000
571,2006,NEW JERSEY,152000
572,2006,NEW MEXICO,104000
573,2006,NEW YORK,2376000
574,2006,NORTH CAROLINA,215000
575,2006,NORTH DAKOTA,7770000
576,2006,OHIO,282000
577,2006,OREGON,729000
578,2006,OTHER STATES,249000
579,2006,PENNSYLVANIA,605000
580,2006,SOUTH DAKOTA,10575000
581,2006,TENNESSEE,58000
582,2006,TEXAS,976000
583,2006,UTAH,299000
584,2006,VERMONT,144000
585,2006,VIRGINIA,114000
586,2006,WASHINGTON,1605000
587,2006,WEST VIRGINIA,68000
588,2006,WISCONSIN,2500000
589,2006,WYOMING,497000
590,2005,US TOTAL,62455000
591,2005,ALABAMA,266000
592,2005,ARIZONA,720000
593,2005,ARKANSAS,571000
594,2005,CALIFORNIA,9300000
595,2005,COLORADO,902000
596,2005,FLORIDA,2477000
597,2005,GEORGIA,434000
598,2005,HAWAII,283000
599,2005,IDAHO,1793000
600,2005,ILLINOIS,408000
601,2005,INDIANA,189000
602,2005,IOWA,1232000
603,2005,KANSAS,328000
604,2005,KENTUCKY,40000
605,2005,LOUISIANA,611000
606,2005,MAINE,193000
607,2005,MICHIGAN,2519000
608,2005,MINNESOTA,1598000
609,2005,MISSISSIPPI,346000
610,2005,MISSOURI,180000
611,2005,MONTANA,3136000
612,2005,NEBRASKA,2530000
613,2005,NEVADA,442000
614,2005,NEW JERSEY,104000
615,2005,NEW MEXICO,113000
616,2005,NEW YORK,2283000
617,2005,NORTH CAROLINA,146000
618,2005,NORTH DAKOTA,8418000
619,2005,OHIO,580000
620,2005,OREGON,557000
621,2005,OTHER STATES,268000
622,2005,PENNSYLVANIA,800000
623,2005,SOUTH DAKOTA,11818000
624,2005,TENNESSEE,92000
625,2005,TEXAS,954000
626,2005,UTAH,346000
627,2005,VERMONT,169000
628,2005,VIRGINIA,59000
629,2005,WASHINGTON,1935000
630,2005,WEST VIRGINIA,102000
631,2005,WISCONSIN,2922000
632,2005,WYOMING,291000
633,2004,US TOTAL,61203000
634,2004,ALABAMA,282000
635,2004,ARIZONA,774000
636,2004,ARKANSAS,388000
637,2004,CALIFORNIA,5792000
638,2004,COLORADO,791000
639,2004,FLORIDA,2009000
640,2004,GEORGIA,648000
641,2004,HAWAII,77000
642,2004,IDAHO,2520000
643,2004,ILLINOIS,193000
644,2004,INDIANA,145000
645,2004,IOWA,1337000
646,2004,KANSAS,683000
647,2004,KENTUCKY,34000
648,2004,LOUISIANA,240000
649,2004,MAINE,37000
650,2004,MICHIGAN,2439000
651,2004,MINNESOTA,1924000
652,2004,MISSISSIPPI,421000
653,2004,MISSOURI,151000
654,2004,MONTANA,3773000
655,2004,NEBRASKA,2043000
656,2004,NEVADA,316000
657,2004,NEW JERSEY,45000
658,2004,NEW MEXICO,127000
659,2004,NEW YORK,1887000
660,2004,NORTH CAROLINA,72000
661,2004,NORTH DAKOTA,9126000
662,2004,OHIO,353000
663,2004,OREGON,1111000
664,2004,OTHER STATES,222000
665,2004,PENNSYLVANIA,810000
666,2004,SOUTH DAKOTA,13545000
667,2004,TENNESSEE,91000
668,2004,TEXAS,1411000
669,2004,UTAH,554000
670,2004,VERMONT,192000
671,2004,VIRGINIA,69000
672,2004,WASHINGTON,1376000
673,2004,WEST VIRGINIA,183000
674,2004,WISCONSIN,2632000
675,2004,WYOMING,380000
676,2003,US TOTAL,40785000
677,2003,ALABAMA,43000
678,2003,ARIZONA,983000
679,2003,ARKANSAS,810000
680,2003,CALIFORNIA,6432000
681,2003,COLORADO,722000
682,2003,FLORIDA,1491000
683,2003,GEORGIA,270000
684,2003,HAWAII,43000
685,2003,IDAHO,1380000
686,2003,ILLINOIS,252000
687,2003,INDIANA,78000
688,2003,IOWA,868000
689,2003,KANSAS,447000
690,2003,KENTUCKY,14000
691,2003,LOUISIANA,275000
692,2003,MAINE,145000
693,2003,MARYLAND,21000
694,2003,MICHIGAN,1732000
695,2003,MINNESOTA,1892000
696,2003,MISSISSIPPI,246000
697,2003,MISSOURI,189000
698,2003,MONTANA,1914000
699,2003,NEBRASKA,1299000
700,2003,NEVADA,46000
701,2003,NEW JERSEY,101000
702,2003,NEW MEXICO,108000
703,2003,NEW YORK,1640000
704,2003,NORTH CAROLINA,79000
705,2003,NORTH DAKOTA,6803000
706,2003,OHIO,278000
707,2003,OKLAHOMA,69000
708,2003,OREGON,964000
709,2003,OTHER STATES,166000
710,2003,PENNSYLVANIA,419000
711,2003,SOUTH CAROLINA,8000
712,2003,SOUTH DAKOTA,2709000
713,2003,TENNESSEE,46000
714,2003,TEXAS,1126000
715,2003,UTAH,157000
716,2003,VERMONT,163000
717,2003,VIRGINIA,69000
718,2003,WASHINGTON,942000
719,2003,WEST VIRGINIA,194000
720,2003,WISCONSIN,2678000
721,2003,WYOMING,474000
722,2002,US TOTAL,39393000
723,2002,ALABAMA,103000
724,2002,ARIZONA,1197000
725,2002,ARKANSAS,871000
726,2002,CALIFORNIA,3525000
727,2002,COLORADO,576000
728,2002,FLORIDA,2026000
729,2002,GEORGIA,52000
730,2002,HAWAII,29000
731,2002,IDAHO,1653000
732,2002,ILLINOIS,130000
733,2002,INDIANA,233000
734,2002,IOWA,901000
735,2002,KANSAS,407000
736,2002,KENTUCKY,78000
737,2002,LOUISIANA,347000
738,2002,MAINE,266000
739,2002,MARYLAND,21000
740,2002,MICHIGAN,1885000
741,2002,MINNESOTA,1110000
742,2002,MISSISSIPPI,281000
743,2002,MISSOURI,189000
744,2002,MONTANA,1097000
745,2002,NEBRASKA,1161000
746,2002,NEVADA,61000
747,2002,NEW JERSEY,92000
748,2002,NEW MEXICO,252000
749,2002,NEW YORK,2470000
750,2002,NORTH CAROLINA,74000
751,2002,NORTH DAKOTA,8160000
752,2002,OHIO,504000
753,2002,OKLAHOMA,51000
754,2002,OREGON,885000
755,2002,OTHER STATES,216000
756,2002,PENNSYLVANIA,827000
757,2002,SOUTH CAROLINA,14000
758,2002,SOUTH DAKOTA,2410000
759,2002,TENNESSEE,137000
760,2002,TEXAS,985000
761,2002,UTAH,208000
762,2002,VERMONT,274000
763,2002,VIRGINIA,79000
764,2002,WASHINGTON,561000
765,2002,WEST VIRGINIA,151000
766,2002,WISCONSIN,2461000
767,2002,WYOMING,383000
768,2001,US TOTAL,64901000
769,2001,ALABAMA,235000
770,2001,ARIZONA,1142000
771,2001,ARKANSAS,1617000
772,2001,CALIFORNIA,7857000
773,2001,COLORADO,529000
774,2001,FLORIDA,3432000
775,2001,GEORGIA,188000
776,2001,HAWAII,84000
777,2001,IDAHO,1610000
778,2001,ILLINOIS,251000
779,2001,INDIANA,186000
780,2001,IOWA,875000
781,2001,KANSAS,530000
782,2001,KENTUCKY,125000
783,2001,LOUISIANA,572000
784,2001,MAINE,106000
785,2001,MARYLAND,55000
786,2001,MICHIGAN,2827000
787,2001,MINNESOTA,1859000
788,2001,MISSISSIPPI,224000
789,2001,MISSOURI,336000
790,2001,MONTANA,4578000
791,2001,NEBRASKA,1115000
792,2001,NEVADA,36000
793,2001,NEW JERSEY,71000
794,2001,NEW MEXICO,350000
795,2001,NEW YORK,1781000
796,2001,NORTH CAROLINA,172000
797,2001,NORTH DAKOTA,9408000
798,2001,OHIO,569000
799,2001,OKLAHOMA,105000
800,2001,OREGON,1200000
801,2001,OTHER STATES,137000
802,2001,PENNSYLVANIA,785000
803,2001,SOUTH CAROLINA,67000
804,2001,SOUTH DAKOTA,12220000
805,2001,TENNESSEE,131000
806,2001,TEXAS,1533000
807,2001,UTAH,315000
808,2001,VERMONT,249000
809,2001,VIRGINIA,94000
810,2001,WASHINGTON,1048000
811,2001,WEST VIRGINIA,410000
812,2001,WISCONSIN,3419000
813,2001,WYOMING,468000
814,2000,US TOTAL,85244000
815,2000,ALABAMA,187000
816,2000,ARIZONA,1322000
817,2000,ARKANSAS,3337000
818,2000,CALIFORNIA,11396000
819,2000,COLORADO,957000
820,2000,FLORIDA,2923000
821,2000,GEORGIA,376000
822,2000,HAWAII,125000
823,2000,IDAHO,2679000
824,2000,ILLINOIS,146000
825,2000,INDIANA,286000
826,2000,IOWA,1206000
827,2000,KANSAS,520000
828,2000,KENTUCKY,54000
829,2000,LOUISIANA,1334000
830,2000,MAINE,143000
831,2000,MARYLAND,52000
832,2000,MICHIGAN,2970000
833,2000,MINNESOTA,3105000
834,2000,MISSISSIPPI,649000
835,2000,MISSOURI,362000
836,2000,MONTANA,4692000
837,2000,NEBRASKA,2610000
838,2000,NEVADA,95000
839,2000,NEW JERSEY,200000
840,2000,NEW MEXICO,739000
841,2000,NEW YORK,2274000
842,2000,NORTH CAROLINA,243000
843,2000,NORTH DAKOTA,13800000
844,2000,OHIO,585000
845,2000,OKLAHOMA,64000
846,2000,OREGON,1665000
847,2000,OTHER STATES,288000
848,2000,PENNSYLVANIA,630000
849,2000,SOUTH DAKOTA,12796000
850,2000,TENNESSEE,104000
851,2000,TEXAS,2986000
852,2000,UTAH,462000
853,2000,VERMONT,211000
854,2000,VIRGINIA,103000
855,2000,WASHINGTON,1151000
856,2000,WEST VIRGINIA,234000
857,2000,WISCONSIN,4385000
858,2000,WYOMING,798000
859,1999,US TOTAL,78664000
860,1999,ALABAMA,185000
861,1999,ARIZONA,1548000
862,1999,ARKANSAS,2592000
863,1999,CALIFORNIA,9486000
864,1999,COLORADO,1436000
865,1999,FLORIDA,4186000
866,1999,GEORGIA,497000
867,1999,HAWAII,32000
868,1999,IDAHO,3110000
869,1999,ILLINOIS,327000
870,1999,INDIANA,437000
871,1999,IOWA,2028000
872,1999,KANSAS,854000
873,1999,KENTUCKY,12000
874,1999,LOUISIANA,821000
875,1999,MAINE,89000
876,1999,MARYLAND,50000
877,1999,MICHIGAN,3475000
878,1999,MINNESOTA,3210000
879,1999,MISSISSIPPI,591000
880,1999,MISSOURI,437000
881,1999,MONTANA,2135000
882,1999,NEBRASKA,1965000
883,1999,NEVADA,271000
884,1999,NEW JERSEY,154000
885,1999,NEW MEXICO,476000
886,1999,NEW YORK,2077000
887,1999,NORTH CAROLINA,104000
888,1999,NORTH DAKOTA,8836000
889,1999,OHIO,784000
890,1999,OKLAHOMA,49000
891,1999,OREGON,2026000
892,1999,OTHER STATES,274000
893,1999,PENNSYLVANIA,790000
894,1999,SOUTH DAKOTA,13046000
895,1999,TENNESSEE,106000
896,1999,TEXAS,2799000
897,1999,UTAH,433000
898,1999,VERMONT,222000
899,1999,VIRGINIA,86000
900,1999,WASHINGTON,1170000
901,1999,WEST VIRGINIA,152000
902,1999,WISCONSIN,4560000
903,1999,WYOMING,746000
904,1998,US TOTAL,80907000
905,1998,ALABAMA,159000
906,1998,ARIZONA,1485000
907,1998,ARKANSAS,1688000
908,1998,CALIFORNIA,12326000
909,1998,COLORADO,1594000
910,1998,FLORIDA,4508000
911,1998,GEORGIA,307000
912,1998,HAWAII,66000
913,1998,IDAHO,2220000
914,1998,ILLINOIS,204000
915,1998,INDIANA,489000
916,1998,IOWA,2301000
917,1998,KANSAS,390000
918,1998,KENTUCKY,51000
919,1998,LOUISIANA,865000
920,1998,MAINE,117000
921,1998,MARYLAND,92000
922,1998,MICHIGAN,3672000
923,1998,MINNESOTA,2765000
924,1998,MISSISSIPPI,898000
925,1998,MISSOURI,455000
926,1998,MONTANA,5472000
927,1998,NEBRASKA,2240000
928,1998,NEVADA,175000
929,1998,NEW JERSEY,167000
930,1998,NEW MEXICO,470000
931,1998,NEW YORK,2444000
932,1998,NORTH CAROLINA,151000
933,1998,NORTH DAKOTA,8832000
934,1998,OHIO,702000
935,1998,OKLAHOMA,63000
936,1998,OREGON,1620000
937,1998,OTHER STATES,342000
938,1998,PENNSYLVANIA,789000
939,1998,SOUTH DAKOTA,10901000
940,1998,TENNESSEE,121000
941,1998,TEXAS,1612000
942,1998,UTAH,557000
943,1998,VERMONT,207000
944,1998,VIRGINIA,86000
945,1998,WASHINGTON,1361000
946,1998,WEST VIRGINIA,155000
947,1998,WISCONSIN,5264000
948,1998,WYOMING,524000
949,1997,US TOTAL,70696000
950,1997,ALABAMA,92000
951,1997,ARIZONA,1344000
952,1997,ARKANSAS,3468000
953,1997,CALIFORNIA,9450000
954,1997,COLORADO,982000
955,1997,FLORIDA,2734000
956,1997,GEORGIA,587000
957,1997,HAWAII,158000
958,1997,IDAHO,2304000
959,1997,ILLINOIS,222000
960,1997,INDIANA,352000
961,1997,IOWA,1765000
962,1997,KANSAS,688000
963,1997,KENTUCKY,54000
964,1997,LOUISIANA,759000
965,1997,MAINE,9000
966,1997,MARYLAND,65000
967,1997,MICHIGAN,3273000
968,1997,MINNESOTA,2011000
969,1997,MISSISSIPPI,777000
970,1997,MISSOURI,517000
971,1997,MONTANA,4237000
972,1997,NEBRASKA,2738000
973,1997,NEVADA,171000
974,1997,NEW JERSEY,201000
975,1997,NEW MEXICO,396000
976,1997,NEW YORK,2246000
977,1997,NORTH CAROLINA,139000
978,1997,NORTH DAKOTA,7350000
979,1997,OHIO,827000
980,1997,OKLAHOMA,97000
981,1997,OREGON,1537000
982,1997,OTHER STATES,206000
983,1997,PENNSYLVANIA,528000
984,1997,SOUTH DAKOTA,8736000
985,1997,TENNESSEE,148000
986,1997,TEXAS,3188000
987,1997,UTAH,699000
988,1997,VERMONT,249000
989,1997,VIRGINIA,157000
990,1997,WASHINGTON,1498000
991,1997,WEST VIRGINIA,280000
992,1997,WISCONSIN,2797000
993,1997,WYOMING,660000
994,1996,US TOTAL,47206000
995,1996,ALABAMA,96000
996,1996,ARIZONA,307000
997,1996,ARKANSAS,420000
998,1996,CALIFORNIA,4641000
999,1996,COLORADO,1132000
1000,1996,FLORIDA,2268000
1001,1996,GEORGIA,306000
1002,1996,HAWAII,62000
1003,1996,IDAHO,1535000
1004,1996,ILLINOIS,285000
1005,1996,INDIANA,412000
1006,1996,IOWA,836000
1007,1996,KANSAS,294000
1008,1996,KENTUCKY,23000
1009,1996,LOUISIANA,933000
1010,1996,MAINE,21000
1011,1996,MARYLAND,40000
1012,1996,MICHIGAN,4320000
1013,1996,MINNESOTA,1617000
1014,1996,MISSISSIPPI,299000
1015,1996,MISSOURI,326000
1016,1996,MONTANA,1825000
1017,1996,NEBRASKA,1755000
1018,1996,NEVADA,68000
1019,1996,NEW JERSEY,167000
1020,1996,NEW MEXICO,219000
1021,1996,NEW YORK,2557000
1022,1996,NORTH CAROLINA,53000
1023,1996,NORTH DAKOTA,4945000
1024,1996,OHIO,840000
1025,1996,OKLAHOMA,54000
1026,1996,OREGON,1071000
1027,1996,OTHER STATES,52000
1028,1996,PENNSYLVANIA,370000
1029,1996,SOUTH CAROLINA,81000
1030,1996,SOUTH DAKOTA,6751000
1031,1996,TENNESSEE,90000
1032,1996,TEXAS,1361000
1033,1996,UTAH,328000
1034,1996,VERMONT,93000
1035,1996,VIRGINIA,119000
1036,1996,WASHINGTON,1079000
1037,1996,WEST VIRGINIA,207000
1038,1996,WISCONSIN,2422000
1039,1996,WYOMING,526000
1040,1995,US TOTAL,42313000
1041,1995,ALABAMA,28000
1042,1995,ARIZONA,986000
1043,1995,ARKANSAS,990000
1044,1995,CALIFORNIA,4687000
1045,1995,COLORADO,1404000
1046,1995,FLORIDA,1780000
1047,1995,GEORGIA,260000
1048,1995,HAWAII,103000
1049,1995,IDAHO,1020000
1050,1995,ILLINOIS,212000
1051,1995,INDIANA,166000
1052,1995,IOWA,551000
1053,1995,KANSAS,182000
1054,1995,KENTUCKY,30000
1055,1995,LOUISIANA,317000
1056,1995,MAINE,223000
1057,1995,MARYLAND,81000
1058,1995,MICHIGAN,3570000
1059,1995,MINNESOTA,1218000
1060,1995,MISSISSIPPI,146000
1061,1995,MISSOURI,308000
1062,1995,MONTANA,1781000
1063,1995,NEBRASKA,1402000
1064,1995,NEVADA,38000
1065,1995,NEW JERSEY,71000
1066,1995,NEW MEXICO,247000
1067,1995,NEW YORK,2100000
1068,1995,NORTH CAROLINA,162000
1069,1995,NORTH DAKOTA,3802000
1070,1995,OHIO,930000
1071,1995,OKLAHOMA,112000
1072,1995,OREGON,2488000
1073,1995,OTHER STATES,106000
1074,1995,PENNSYLVANIA,376000
1075,1995,SOUTH CAROLINA,65000
1076,1995,SOUTH DAKOTA,4896000
1077,1995,TENNESSEE,87000
1078,1995,TEXAS,1959000
1079,1995,UTAH,232000
1080,1995,VERMONT,131000
1081,1995,VIRGINIA,97000
1082,1995,WASHINGTON,637000
1083,1995,WEST VIRGINIA,48000
1084,1995,WISCONSIN,2134000
1085,1995,WYOMING,150000
1086,1994,US TOTAL,59877000
1087,1994,ALABAMA,99000
1088,1994,ARIZONA,188000
1089,1994,ARKANSAS,898000
1090,1994,CALIFORNIA,6480000
1091,1994,COLORADO,1813000
1092,1994,FLORIDA,2898000
1093,1994,GEORGIA,958000
1094,1994,HAWAII,351000
1095,1994,IDAHO,1274000
1096,1994,ILLINOIS,468000
1097,1994,INDIANA,204000
1098,1994,IOWA,1030000
1099,1994,KANSAS,214000
1100,1994,KENTUCKY,57000
1101,1994,LOUISIANA,588000
1102,1994,MAINE,172000
1103,1994,MARYLAND,83000
1104,1994,MICHIGAN,3870000
1105,1994,MINNESOTA,2149000
1106,1994,MISSISSIPPI,352000
1107,1994,MISSOURI,270000
1108,1994,MONTANA,3624000
1109,1994,NEBRASKA,1465000
1110,1994,NEVADA,174000
1111,1994,NEW JERSEY,131000
1112,1994,NEW MEXICO,730000
1113,1994,NEW YORK,2451000
1114,1994,NORTH CAROLINA,266000
1115,1994,NORTH DAKOTA,7459000
1116,1994,OHIO,691000
1117,1994,OKLAHOMA,104000
1118,1994,OREGON,1008000
1119,1994,OTHER STATES,115000
1120,1994,PENNSYLVANIA,622000
1121,1994,SOUTH CAROLINA,150000
1122,1994,SOUTH DAKOTA,8580000
1123,1994,TENNESSEE,107000
1124,1994,TEXAS,2058000
1125,1994,UTAH,1218000
1126,1994,VERMONT,189000
1127,1994,VIRGINIA,109000
1128,1994,WASHINGTON,1265000
1129,1994,WEST VIRGINIA,414000
1130,1994,WISCONSIN,1864000
1131,1994,WYOMING,667000
1132,1993,US TOTAL,49046000
1133,1993,ALABAMA,103000
1134,1993,ARIZONA,932000
1135,1993,ARKANSAS,548000
1136,1993,CALIFORNIA,7200000
1137,1993,COLORADO,1161000
1138,1993,FLORIDA,2712000
1139,1993,GEORGIA,179000
1140,1993,HAWAII,1020000
1141,1993,IDAHO,1700000
1142,1993,ILLINOIS,252000
1143,1993,INDIANA,364000
1144,1993,IOWA,412000
1145,1993,KANSAS,891000
1146,1993,KENTUCKY,89000
1147,1993,LOUISIANA,1213000
1148,1993,MAINE,215000
1149,1993,MARYLAND,77000
1150,1993,MICHIGAN,2980000
1151,1993,MINNESOTA,2160000
1152,1993,MISSISSIPPI,114000
1153,1993,MISSOURI,298000
1154,1993,MONTANA,1583000
1155,1993,NEBRASKA,930000
1156,1993,NEVADA,328000
1157,1993,NEW JERSEY,142000
1158,1993,NEW MEXICO,541000
1159,1993,NEW YORK,1733000
1160,1993,NORTH CAROLINA,143000
1161,1993,NORTH DAKOTA,2772000
1162,1993,OHIO,990000
1163,1993,OKLAHOMA,169000
1164,1993,OREGON,994000
1165,1993,OTHER STATES,219000
1166,1993,PENNSYLVANIA,605000
1167,1993,SOUTH CAROLINA,129000
1168,1993,SOUTH DAKOTA,4322000
1169,1993,TENNESSEE,86000
1170,1993,TEXAS,2755000
1171,1993,UTAH,445000
1172,1993,VERMONT,216000
1173,1993,VIRGINIA,59000
1174,1993,WASHINGTON,513000
1175,1993,WEST VIRGINIA,259000
1176,1993,WISCONSIN,4100000
1177,1993,WYOMING,393000
1178,1992,US TOTAL,39061000
1179,1992,ALABAMA,113000
1180,1992,ARIZONA,1285000
1181,1992,ARKANSAS,410000
1182,1992,CALIFORNIA,4268000
1183,1992,COLORADO,847000
1184,1992,FLORIDA,2517000
1185,1992,GEORGIA,701000
1186,1992,HAWAII,460000
1187,1992,IDAHO,1308000
1188,1992,ILLINOIS,237000
1189,1992,INDIANA,186000
1190,1992,IOWA,766000
1191,1992,KANSAS,244000
1192,1992,KENTUCKY,54000
1193,1992,LOUISIANA,385000
1194,1992,MAINE,122000
1195,1992,MARYLAND,51000
1196,1992,MICHIGAN,2067000
1197,1992,MINNESOTA,3591000
1198,1992,MISSISSIPPI,163000
1199,1992,MISSOURI,347000
1200,1992,MONTANA,1818000
1201,1992,NEBRASKA,792000
1202,1992,NEVADA,341000
1203,1992,NEW JERSEY,48000
1204,1992,NEW MEXICO,502000
1205,1992,NEW YORK,1802000
1206,1992,NORTH CAROLINA,95000
1207,1992,NORTH DAKOTA,2184000
1208,1992,OHIO,206000
1209,1992,OKLAHOMA,80000
1210,1992,OREGON,841000
1211,1992,OTHER STATES,63000
1212,1992,PENNSYLVANIA,566000
1213,1992,SOUTH CAROLINA,99000
1214,1992,SOUTH DAKOTA,3264000
1215,1992,TENNESSEE,66000
1216,1992,TEXAS,1488000
1217,1992,UTAH,632000
1218,1992,VERMONT,200000
1219,1992,VIRGINIA,84000
1220,1992,WASHINGTON,1197000
1221,1992,WEST VIRGINIA,759000
1222,1992,WISCONSIN,1525000
1223,1992,WYOMING,287000
1224,1991,US TOTAL,36420000
1225,1991,ALABAMA,66000
1226,1991,ARIZONA,750000
1227,1991,ARKANSAS,557000
1228,1991,CALIFORNIA,3465000
1229,1991,COLORADO,514000
1230,1991,FLORIDA,1307000
1231,1991,GEORGIA,129000
1232,1991,HAWAII,328000
1233,1991,IDAHO,1739000
1234,1991,ILLINOIS,393000
1235,1991,INDIANA,368000
1236,1991,IOWA,909000
1237,1991,KANSAS,291000
1238,1991,KENTUCKY,88000
1239,1991,LOUISIANA,168000
1240,1991,MAINE,213000
1241,1991,MARYLAND,60000
1242,1991,MICHIGAN,2683000
1243,1991,MINNESOTA,2457000
1244,1991,MISSISSIPPI,71000
1245,1991,MISSOURI,528000
1246,1991,MONTANA,1187000
1247,1991,NEBRASKA,1302000
1248,1991,NEVADA,275000
1249,1991,NEW JERSEY,130000
1250,1991,NEW MEXICO,447000
1251,1991,NEW YORK,1337000
1252,1991,NORTH CAROLINA,167000
1253,1991,NORTH DAKOTA,3100000
1254,1991,OHIO,761000
1255,1991,OKLAHOMA,252000
1256,1991,OREGON,721000
1257,1991,OTHER STATES,103000
1258,1991,PENNSYLVANIA,594000
1259,1991,SOUTH CAROLINA,107000
1260,1991,SOUTH DAKOTA,4091000
1261,1991,TENNESSEE,106000
1262,1991,TEXAS,1201000
1263,1991,UTAH,199000
1264,1991,VERMONT,198000
1265,1991,VIRGINIA,58000
1266,1991,WASHINGTON,678000
1267,1991,WEST VIRGINIA,287000
1268,1991,WISCONSIN,1843000
1269,1991,WYOMING,192000
1270,1990,US TOTAL,31093000
1271,1990,ALABAMA,143000
1272,1990,ARIZONA,836000
1273,1990,ARKANSAS,423000
1274,1990,CALIFORNIA,2218000
1275,1990,COLORADO,845000
1276,1990,CONNECTICUT,47000
1277,1990,DELAWARE,3000
1278,1990,FLORIDA,1881000
1279,1990,GEORGIA,333000
1280,1990,HAWAII,314000
1281,1990,IDAHO,784000
1282,1990,ILLINOIS,543000
1283,1990,INDIANA,259000
1284,1990,IOWA,945000
1285,1990,KANSAS,241000
1286,1990,KENTUCKY,127000
1287,1990,LOUISIANA,169000
1288,1990,MAINE,77000
1289,1990,MARYLAND,33000
1290,1990,MASSACHUSETTS,43000
1291,1990,MICHIGAN,2560000
1292,1990,MINNESOTA,1384000
1293,1990,MISSISSIPPI,104000
1294,1990,MISSOURI,567000
1295,1990,MONTANA,1191000
1296,1990,NEBRASKA,1189000
1297,1990,NEVADA,296000
1298,1990,NEW HAMPSHIRE,19000
1299,1990,NEW JERSEY,107000
1300,1990,NEW MEXICO,453000
1301,1990,NEW YORK,1094000
1302,1990,NORTH CAROLINA,120000
1303,1990,NORTH DAKOTA,722000
1304,1990,OHIO,643000
1305,1990,OKLAHOMA,149000
1306,1990,OREGON,615000
1307,1990,PENNSYLVANIA,379000
1308,1990,RHODE ISLAND,9000
1309,1990,SOUTH CAROLINA,49000
1310,1990,SOUTH DAKOTA,3771000
1311,1990,TENNESSEE,138000
1312,1990,TEXAS,1501000
1313,1990,UTAH,539000
1314,1990,VERMONT,207000
1315,1990,VIRGINIA,207000
1316,1990,WASHINGTON,440000
1317,1990,WEST VIRGINIA,594000
1318,1990,WISCONSIN,1512000
1319,1990,WYOMING,274000
1320,1989,US TOTAL,33192000
1321,1989,ALABAMA,33000
1322,1989,ARIZONA,1158000
1323,1989,ARKANSAS,249000
1324,1989,CALIFORNIA,3162000
1325,1989,COLORADO,495000
1326,1989,CONNECTICUT,48000
1327,1989,DELAWARE,5000
1328,1989,FLORIDA,1050000
1329,1989,GEORGIA,125000
1330,1989,HAWAII,510000
1331,1989,IDAHO,1361000
1332,1989,ILLINOIS,452000
1333,1989,INDIANA,647000
1334,1989,IOWA,1448000
1335,1989,KANSAS,426000
1336,1989,KENTUCKY,132000
1337,1989,LOUISIANA,179000
1338,1989,MAINE,41000
1339,1989,MARYLAND,32000
1340,1989,MASSACHUSETTS,50000
1341,1989,MICHIGAN,1642000
1342,1989,MINNESOTA,3492000
1343,1989,MISSISSIPPI,79000
1344,1989,MISSOURI,696000
1345,1989,MONTANA,819000
1346,1989,NEBRASKA,1476000
1347,1989,NEVADA,162000
1348,1989,NEW HAMPSHIRE,11000
1349,1989,NEW JERSEY,265000
1350,1989,NEW MEXICO,253000
1351,1989,NEW YORK,1664000
1352,1989,NORTH CAROLINA,266000
1353,1989,NORTH DAKOTA,1215000
1354,1989,OHIO,413000
1355,1989,OKLAHOMA,164000
1356,1989,OREGON,418000
1357,1989,PENNSYLVANIA,560000
1358,1989,RHODE ISLAND,14000
1359,1989,SOUTH CAROLINA,74000
1360,1989,SOUTH DAKOTA,2072000
1361,1989,TENNESSEE,250000
1362,1989,TEXAS,1647000
1363,1989,UTAH,579000
1364,1989,VERMONT,102000
1365,1989,VIRGINIA,97000
1366,1989,WASHINGTON,579000
1367,1989,WEST VIRGINIA,732000
1368,1989,WISCONSIN,1598000
1369,1989,WYOMING,250000
1370,1988,US TOTAL,32685000
1371,1988,ALABAMA,247000
1372,1988,ARIZONA,706000
1373,1988,ARKANSAS,228000
1374,1988,CALIFORNIA,2160000
1375,1988,COLORADO,837000
1376,1988,CONNECTICUT,29000
1377,1988,DELAWARE,6000
1378,1988,FLORIDA,2385000
1379,1988,GEORGIA,283000
1380,1988,HAWAII,806000
1381,1988,IDAHO,1144000
1382,1988,ILLINOIS,638000
1383,1988,INDIANA,622000
1384,1988,IOWA,1580000
1385,1988,KANSAS,319000
1386,1988,KENTUCKY,202000
1387,1988,LOUISIANA,205000
1388,1988,MAINE,44000
1389,1988,MARYLAND,54000
1390,1988,MASSACHUSETTS,41000
1391,1988,MICHIGAN,1456000
1392,1988,MINNESOTA,2064000
1393,1988,MISSISSIPPI,28000
1394,1988,MISSOURI,1008000
1395,1988,MONTANA,151000
1396,1988,NEBRASKA,1410000
1397,1988,NEVADA,54000
1398,1988,NEW HAMPSHIRE,16000
1399,1988,NEW JERSEY,353000
1400,1988,NEW MEXICO,275000
1401,1988,NEW YORK,1109000
1402,1988,NORTH CAROLINA,155000
1403,1988,NORTH DAKOTA,1650000
1404,1988,OHIO,744000
1405,1988,OKLAHOMA,66000
1406,1988,OREGON,499000
1407,1988,PENNSYLVANIA,683000
1408,1988,RHODE ISLAND,15000
1409,1988,SOUTH CAROLINA,90000
1410,1988,SOUTH DAKOTA,2901000
1411,1988,TENNESSEE,462000
1412,1988,TEXAS,848000
1413,1988,UTAH,384000
1414,1988,VERMONT,164000
1415,1988,VIRGINIA,56000
1416,1988,WASHINGTON,306000
1417,1988,WEST VIRGINIA,630000
1418,1988,WISCONSIN,2323000
1419,1988,WYOMING,249000
1420,1987,US TOTAL,34090000
1421,1987,ALABAMA,242000
1422,1987,ARIZONA,338000
1423,1987,ARKANSAS,200000
1424,1987,CALIFORNIA,1782000
1425,1987,COLORADO,96000
1426,1987,CONNECTICUT,24000
1427,1987,DELAWARE,18000
1428,1987,FLORIDA,1327000
1429,1987,GEORGIA,502000
1430,1987,HAWAII,581000
1431,1987,IDAHO,1080000
1432,1987,ILLINOIS,777000
1433,1987,INDIANA,363000
1434,1987,IOWA,1314000
1435,1987,KANSAS,821000
1436,1987,KENTUCKY,147000
1437,1987,LOUISIANA,105000
1438,1987,MAINE,70000
1439,1987,MARYLAND,88000
1440,1987,MASSACHUSETTS,33000
1441,1987,MICHIGAN,1202000
1442,1987,MINNESOTA,1382000
1443,1987,MISSISSIPPI,80000
1444,1987,MISSOURI,156000
1445,1987,MONTANA,1066000
1446,1987,NEBRASKA,1980000
1447,1987,NEVADA,66000
1448,1987,NEW HAMPSHIRE,13000
1449,1987,NEW JERSEY,213000
1450,1987,NEW MEXICO,162000
1451,1987,NEW YORK,1188000
1452,1987,NORTH CAROLINA,173000
1453,1987,NORTH DAKOTA,3630000
1454,1987,OHIO,853000
1455,1987,OKLAHOMA,140000
1456,1987,OREGON,531000
1457,1987,PENNSYLVANIA,711000
1458,1987,RHODE ISLAND,10000
1459,1987,SOUTH CAROLINA,41000
1460,1987,SOUTH DAKOTA,5574000
1461,1987,TENNESSEE,732000
1462,1987,TEXAS,1598000
1463,1987,UTAH,336000
1464,1987,VERMONT,132000
1465,1987,VIRGINIA,120000
1466,1987,WASHINGTON,206000
1467,1987,WEST VIRGINIA,207000
1468,1987,WISCONSIN,1160000
1469,1987,WYOMING,520000
