,year,state,count_colonies
0,1987,ALABAMA,46000.0
1,1987,ARIZONA,80000.0
2,1987,ARKANSAS,29000.0
3,1987,CALIFORNIA,540000.0
4,1987,COLORADO,44000.0
5,1987,CONNECTICUT,2000.0
6,1987,DELAWARE,1000.0
7,1987,FLORIDA,240000.0
8,1987,GEORGIA,120000.0
9,1987,HAWAII,9000.0
10,1987,IDAHO,120000.0
11,1987,ILLINOIS,28000.0
12,1987,INDIANA,25000.0
13,1987,IOWA,44000.0
14,1987,KANSAS,46000.0
15,1987,KENTUCKY,14000.0
16,1987,LOUISIANA,35000.0
17,1987,MAINE,9000.0
18,1987,MARYLAND,7000.0
19,1987,MASSACHUSETTS,11000.0
20,1987,MICHIGAN,93000.0
21,1987,MINNESOTA,160000.0
22,1987,MISSISSIPPI,19000.0
23,1987,MISSOURI,30000.0
24,1987,MONTANA,95000.0
25,1987,NEBRASKA,110000.0
26,1987,NEVADA,11000.0
27,1987,NEW HAMPSHIRE,1000.0
28,1987,NEW JERSEY,25000.0
29,1987,NEW MEXICO,19000.0
30,1987,NEW YORK,90000.0
31,1987,NORTH CAROLINA,20000.0
32,1987,NORTH DAKOTA,300000.0
33,1987,OHIO,55000.0
34,1987,OKLAHOMA,10000.0
35,1987,OREGON,55000.0
36,1987,PENNSYLVANIA,48000.0
37,1987,RHODE ISLAND,1000.0
38,1987,SOUTH CAROLINA,15000.0
39,1987,SOUTH DAKOTA,260000.0
40,1987,TENNESSEE,35000.0
41,1987,TEXAS,120000.0
42,1987,US TOTAL,3316000.0
43,1987,UTAH,35000.0
44,1987,VERMONT,7000.0
45,1987,VIRGINIA,25000.0
46,1987,WASHINGTON,75000.0
47,1987,WEST VIRGINIA,21000.0
48,1987,WISCONSIN,92000.0
49,1987,WYOMING,39000.0
50,1988,ALABAMA,42000.0
51,1988,ARIZONA,80000.0
52,1988,ARKANSAS,34000.0
53,1988,CALIFORNIA,600000.0
54,1988,COLORADO,48000.0
55,1988,CONNECTICUT,2000.0
56,1988,DELAWARE,1000.0
57,1988,FLORIDA,240000.0
58,1988,GEORGIA,115000.0
59,1988,HAWAII,9000.0
60,1988,IDAHO,127000.0
61,1988,ILLINOIS,28000.0
62,1988,INDIANA,29000.0
63,1988,IOWA,49000.0
64,1988,KANSAS,42000.0
65,1988,KENTUCKY,12000.0
66,1988,LOUISIANA,38000.0
67,1988,MAINE,14000.0
68,1988,MARYLAND,7000.0
69,1988,MASSACHUSETTS,15000.0
70,1988,MICHIGAN,95000.0
71,1988,MINNESOTA,160000.0
72,1988,MISSISSIPPI,21000.0
73,1988,MISSOURI,30000.0
74,1988,MONTANA,105000.0
75,1988,NEBRASKA,113000.0
76,1988,NEVADA,9000.0
77,1988,NEW HAMPSHIRE,1000.0
78,1988,NEW JERSEY,30000.0
79,1988,NEW MEXICO,21000.0
80,1988,NEW YORK,94000.0
81,1988,NORTH CAROLINA,21000.0
82,1988,NORTH DAKOTA,250000.0
83,1988,OHIO,50000.0
84,1988,OKLAHOMA,10000.0
85,1988,OREGON,60000.0
86,1988,PENNSYLVANIA,45000.0
87,1988,RHODE ISLAND,1000.0
88,1988,SOUTH CAROLINA,14000.0
89,1988,SOUTH DAKOTA,245000.0
90,1988,TENNESSEE,35000.0
91,1988,TEXAS,124000.0
92,1988,US TOTAL,3370000.0
93,1988,UTAH,36000.0
94,1988,VERMONT,7000.0
95,1988,VIRGINIA,25000.0
96,1988,WASHINGTON,65000.0
97,1988,WEST VIRGINIA,30000.0
98,1988,WISCONSIN,102000.0
99,1988,WYOMING,39000.0
100,1989,ALABAMA,41000.0
101,1989,ARIZONA,78000.0
102,1989,ARKANSAS,34000.0
103,1989,CALIFORNIA,620000.0
104,1989,COLORADO,50000.0
105,1989,CONNECTICUT,2000.0
106,1989,DELAWARE,1000.0
107,1989,FLORIDA,250000.0
108,1989,GEORGIA,116000.0
109,1989,HAWAII,9000.0
110,1989,IDAHO,140000.0
111,1989,ILLINOIS,29000.0
112,1989,INDIANA,28000.0
113,1989,IOWA,67000.0
114,1989,KANSAS,37000.0
115,1989,KENTUCKY,12000.0
116,1989,LOUISIANA,35000.0
117,1989,MAINE,17000.0
118,1989,MARYLAND,9000.0
119,1989,MASSACHUSETTS,8000.0
120,1989,MICHIGAN,102000.0
121,1989,MINNESOTA,165000.0
122,1989,MISSISSIPPI,24000.0
123,1989,MISSOURI,33000.0
124,1989,MONTANA,100000.0
125,1989,NEBRASKA,119000.0
126,1989,NEVADA,15000.0
127,1989,NEW HAMPSHIRE,1000.0
128,1989,NEW JERSEY,25000.0
129,1989,NEW MEXICO,23000.0
130,1989,NEW YORK,94000.0
131,1989,NORTH CAROLINA,25000.0
132,1989,NORTH DAKOTA,310000.0
133,1989,OHIO,53000.0
134,1989,OKLAHOMA,9000.0
135,1989,OREGON,63000.0
136,1989,PENNSYLVANIA,41000.0
137,1989,RHODE ISLAND,1000.0
138,1989,SOUTH CAROLINA,15000.0
139,1989,SOUTH DAKOTA,235000.0
140,1989,TENNESSEE,25000.0
141,1989,TEXAS,140000.0
142,1989,US TOTAL,3528000.0
143,1989,UTAH,47000.0
144,1989,VERMONT,6000.0
145,1989,VIRGINIA,23000.0
146,1989,WASHINGTON,70000.0
147,1989,WEST VIRGINIA,32000.0
148,1989,WISCONSIN,108000.0
149,1989,WYOMING,41000.0
150,1990,ALABAMA,29000.0
151,1990,ARIZONA,67000.0
152,1990,ARKANSAS,42000.0
153,1990,CALIFORNIA,480000.0
154,1990,COLORADO,55000.0
155,1990,CONNECTICUT,2000.0
156,1990,DELAWARE,1000.0
157,1990,FLORIDA,220000.0
158,1990,GEORGIA,111000.0
159,1990,HAWAII,10000.0
160,1990,IDAHO,140000.0
161,1990,ILLINOIS,23000.0
162,1990,INDIANA,22000.0
163,1990,IOWA,70000.0
164,1990,KANSAS,36000.0
165,1990,KENTUCKY,8000.0
166,1990,LOUISIANA,38000.0
167,1990,MAINE,20000.0
168,1990,MARYLAND,7000.0
169,1990,MASSACHUSETTS,15000.0
170,1990,MICHIGAN,100000.0
171,1990,MINNESOTA,170000.0
172,1990,MISSISSIPPI,24000.0
173,1990,MISSOURI,30000.0
174,1990,MONTANA,98000.0
175,1990,NEBRASKA,118000.0
176,1990,NEVADA,17000.0
177,1990,NEW HAMPSHIRE,1000.0
178,1990,NEW JERSEY,15000.0
179,1990,NEW MEXICO,29000.0
180,1990,NEW YORK,81000.0
181,1990,NORTH CAROLINA,20000.0
182,1990,NORTH DAKOTA,220000.0
183,1990,OHIO,42000.0
184,1990,OKLAHOMA,9000.0
185,1990,OREGON,61000.0
186,1990,PENNSYLVANIA,41000.0
187,1990,RHODE ISLAND,1000.0
188,1990,SOUTH CAROLINA,12000.0
189,1990,SOUTH DAKOTA,245000.0
190,1990,TENNESSEE,19000.0
191,1990,TEXAS,140000.0
192,1990,US TOTAL,3220000.0
193,1990,UTAH,47000.0
194,1990,VERMONT,6000.0
195,1990,VIRGINIA,16000.0
196,1990,WASHINGTON,80000.0
197,1990,WEST VIRGINIA,30000.0
198,1990,WISCONSIN,112000.0
199,1990,WYOMING,40000.0
200,1991,ALABAMA,23000.0
201,1991,ARIZONA,75000.0
202,1991,ARKANSAS,47000.0
203,1991,CALIFORNIA,550000.0
204,1991,COLORADO,50000.0
205,1991,FLORIDA,225000.0
206,1991,GEORGIA,102000.0
207,1991,HAWAII,10000.0
208,1991,IDAHO,140000.0
209,1991,ILLINOIS,21000.0
210,1991,INDIANA,21000.0
211,1991,IOWA,70000.0
212,1991,KANSAS,35000.0
213,1991,KENTUCKY,7000.0
214,1991,LOUISIANA,40000.0
215,1991,MAINE,13000.0
216,1991,MARYLAND,7000.0
217,1991,MICHIGAN,105000.0
218,1991,MINNESOTA,180000.0
219,1991,MISSISSIPPI,28000.0
220,1991,MISSOURI,28000.0
221,1991,MONTANA,86000.0
222,1991,NEBRASKA,108000.0
223,1991,NEVADA,15000.0
224,1991,NEW JERSEY,11000.0
225,1991,NEW MEXICO,20000.0
226,1991,NEW YORK,77000.0
227,1991,NORTH CAROLINA,18000.0
228,1991,NORTH DAKOTA,215000.0
229,1991,OHIO,48000.0
230,1991,OKLAHOMA,9000.0
231,1991,OREGON,56000.0
232,1991,OTHER STATES,12000.0
233,1991,PENNSYLVANIA,40000.0
234,1991,SOUTH CAROLINA,11000.0
235,1991,SOUTH DAKOTA,225000.0
236,1991,TENNESSEE,14000.0
237,1991,TEXAS,140000.0
238,1991,US TOTAL,3211000.0
239,1991,UTAH,45000.0
240,1991,VERMONT,6000.0
241,1991,VIRGINIA,16000.0
242,1991,WASHINGTON,85000.0
243,1991,WEST VIRGINIA,26000.0
244,1991,WISCONSIN,110000.0
245,1991,WYOMING,41000.0
246,1992,ALABAMA,25000.0
247,1992,ARIZONA,70000.0
248,1992,ARKANSAS,45000.0
249,1992,CALIFORNIA,490000.0
250,1992,COLORADO,52000.0
251,1992,FLORIDA,220000.0
252,1992,GEORGIA,85000.0
253,1992,HAWAII,9000.0
254,1992,IDAHO,135000.0
255,1992,ILLINOIS,16000.0
256,1992,INDIANA,15000.0
257,1992,IOWA,65000.0
258,1992,KANSAS,28000.0
259,1992,KENTUCKY,4000.0
260,1992,LOUISIANA,45000.0
261,1992,MAINE,15000.0
262,1992,MARYLAND,6000.0
263,1992,MICHIGAN,95000.0
264,1992,MINNESOTA,190000.0
265,1992,MISSISSIPPI,25000.0
266,1992,MISSOURI,25000.0
267,1992,MONTANA,87000.0
268,1992,NEBRASKA,96000.0
269,1992,NEVADA,15000.0
270,1992,NEW JERSEY,8000.0
271,1992,NEW MEXICO,18000.0
272,1992,NEW YORK,70000.0
273,1992,NORTH CAROLINA,15000.0
274,1992,NORTH DAKOTA,240000.0
275,1992,OHIO,38000.0
276,1992,OKLAHOMA,9000.0
277,1992,OREGON,52000.0
278,1992,OTHER STATES,9000.0
279,1992,PENNSYLVANIA,30000.0
280,1992,SOUTH CAROLINA,11000.0
281,1992,SOUTH DAKOTA,240000.0
282,1992,TENNESSEE,7000.0
283,1992,TEXAS,125000.0
284,1992,US TOTAL,3045000.0
285,1992,UTAH,47000.0
286,1992,VERMONT,6000.0
287,1992,VIRGINIA,13000.0
288,1992,WASHINGTON,80000.0
289,1992,WEST VIRGINIA,23000.0
290,1992,WISCONSIN,105000.0
291,1992,WYOMING,41000.0
292,1993,ALABAMA,19000.0
293,1993,ARIZONA,55000.0
294,1993,ARKANSAS,50000.0
295,1993,CALIFORNIA,500000.0
296,1993,COLORADO,53000.0
297,1993,FLORIDA,200000.0
298,1993,GEORGIA,80000.0
299,1993,HAWAII,9000.0
300,1993,IDAHO,133000.0
301,1993,ILLINOIS,15000.0
302,1993,INDIANA,12000.0
303,1993,IOWA,56000.0
304,1993,KANSAS,23000.0
305,1993,KENTUCKY,4000.0
306,1993,LOUISIANA,47000.0
307,1993,MAINE,13000.0
308,1993,MARYLAND,7000.0
309,1993,MICHIGAN,90000.0
310,1993,MINNESOTA,180000.0
311,1993,MISSISSIPPI,17000.0
312,1993,MISSOURI,24000.0
313,1993,MONTANA,95000.0
314,1993,NEBRASKA,83000.0
315,1993,NEVADA,14000.0
316,1993,NEW JERSEY,11000.0
317,1993,NEW MEXICO,18000.0
318,1993,NEW YORK,65000.0
319,1993,NORTH CAROLINA,15000.0
320,1993,NORTH DAKOTA,220000.0
321,1993,OHIO,30000.0
322,1993,OKLAHOMA,6000.0
323,1993,OREGON,53000.0
324,1993,OTHER STATES,9000.0
325,1993,PENNSYLVANIA,28000.0
326,1993,SOUTH CAROLINA,11000.0
327,1993,SOUTH DAKOTA,245000.0
328,1993,TENNESSEE,8000.0
329,1993,TEXAS,105000.0
330,1993,US TOTAL,2875000.0
331,1993,UTAH,42000.0
332,1993,VERMONT,6000.0
333,1993,VIRGINIA,10000.0
334,1993,WASHINGTON,60000.0
335,1993,WEST VIRGINIA,20000.0
336,1993,WISCONSIN,100000.0
337,1993,WYOMING,34000.0
338,1994,ALABAMA,18000.0
339,1994,ARIZONA,53000.0
340,1994,ARKANSAS,55000.0
341,1994,CALIFORNIA,400000.0
342,1994,COLORADO,45000.0
343,1994,FLORIDA,230000.0
344,1994,GEORGIA,80000.0
345,1994,HAWAII,9000.0
346,1994,IDAHO,127000.0
347,1994,ILLINOIS,13000.0
348,1994,INDIANA,13000.0
349,1994,IOWA,52000.0
350,1994,KANSAS,19000.0
351,1994,KENTUCKY,3000.0
352,1994,LOUISIANA,40000.0
353,1994,MAINE,8000.0
354,1994,MARYLAND,7000.0
355,1994,MICHIGAN,90000.0
356,1994,MINNESOTA,170000.0
357,1994,MISSISSIPPI,19000.0
358,1994,MISSOURI,25000.0
359,1994,MONTANA,119000.0
360,1994,NEBRASKA,72000.0
361,1994,NEVADA,14000.0
362,1994,NEW JERSEY,11000.0
363,1994,NEW MEXICO,19000.0
364,1994,NEW YORK,68000.0
365,1994,NORTH CAROLINA,15000.0
366,1994,NORTH DAKOTA,235000.0
367,1994,OHIO,27000.0
368,1994,OKLAHOMA,5000.0
369,1994,OREGON,50000.0
370,1994,OTHER STATES,6000.0
371,1994,PENNSYLVANIA,27000.0
372,1994,SOUTH CAROLINA,10000.0
373,1994,SOUTH DAKOTA,260000.0
374,1994,TENNESSEE,6000.0
375,1994,TEXAS,103000.0
376,1994,US TOTAL,2783000.0
377,1994,UTAH,43000.0
378,1994,VERMONT,5000.0
379,1994,VIRGINIA,11000.0
380,1994,WASHINGTON,60000.0
381,1994,WEST VIRGINIA,20000.0
382,1994,WISCONSIN,75000.0
383,1994,WYOMING,46000.0
384,1995,ALABAMA,16000.0
385,1995,ARIZONA,52000.0
386,1995,ARKANSAS,55000.0
387,1995,CALIFORNIA,420000.0
388,1995,COLORADO,45000.0
389,1995,FLORIDA,230000.0
390,1995,GEORGIA,70000.0
391,1995,HAWAII,8000.0
392,1995,IDAHO,125000.0
393,1995,ILLINOIS,11000.0
394,1995,INDIANA,12000.0
395,1995,IOWA,45000.0
396,1995,KANSAS,17000.0
397,1995,KENTUCKY,3000.0
398,1995,LOUISIANA,38000.0
399,1995,MAINE,11000.0
400,1995,MARYLAND,7000.0
401,1995,MICHIGAN,97000.0
402,1995,MINNESOTA,165000.0
403,1995,MISSISSIPPI,16000.0
404,1995,MISSOURI,23000.0
405,1995,MONTANA,106000.0
406,1995,NEBRASKA,60000.0
407,1995,NEVADA,10000.0
408,1995,NEW JERSEY,10000.0
409,1995,NEW MEXICO,19000.0
410,1995,NEW YORK,70000.0
411,1995,NORTH CAROLINA,12000.0
412,1995,NORTH DAKOTA,220000.0
413,1995,OHIO,25000.0
414,1995,OKLAHOMA,4000.0
415,1995,OREGON,52000.0
416,1995,OTHER STATES,8000.0
417,1995,PENNSYLVANIA,25000.0
418,1995,SOUTH CAROLINA,9000.0
419,1995,SOUTH DAKOTA,240000.0
420,1995,TENNESSEE,5000.0
421,1995,TEXAS,84000.0
422,1995,US TOTAL,2655000.0
423,1995,UTAH,32000.0
424,1995,VERMONT,5000.0
425,1995,VIRGINIA,9000.0
426,1995,WASHINGTON,60000.0
427,1995,WEST VIRGINIA,13000.0
428,1995,WISCONSIN,73000.0
429,1995,WYOMING,38000.0
430,1996,ALABAMA,15000.0
431,1996,ARIZONA,32000.0
432,1996,ARKANSAS,50000.0
433,1996,CALIFORNIA,390000.0
434,1996,COLORADO,30000.0
435,1996,FLORIDA,240000.0
436,1996,GEORGIA,75000.0
437,1996,HAWAII,8000.0
438,1996,IDAHO,110000.0
439,1996,ILLINOIS,11000.0
440,1996,INDIANA,9000.0
441,1996,IOWA,52000.0
442,1996,KANSAS,16000.0
443,1996,KENTUCKY,3000.0
444,1996,LOUISIANA,44000.0
445,1996,MAINE,9000.0
446,1996,MARYLAND,7000.0
447,1996,MICHIGAN,90000.0
448,1996,MINNESOTA,150000.0
449,1996,MISSISSIPPI,17000.0
450,1996,MISSOURI,22000.0
451,1996,MONTANA,117000.0
452,1996,NEBRASKA,65000.0
453,1996,NEVADA,14000.0
454,1996,NEW JERSEY,7000.0
455,1996,NEW MEXICO,15000.0
456,1996,NEW YORK,68000.0
457,1996,NORTH CAROLINA,12000.0
458,1996,NORTH DAKOTA,230000.0
459,1996,OHIO,24000.0
460,1996,OKLAHOMA,4000.0
461,1996,OREGON,55000.0
462,1996,OTHER STATES,7000.0
463,1996,PENNSYLVANIA,23000.0
464,1996,SOUTH CAROLINA,9000.0
465,1996,SOUTH DAKOTA,240000.0
466,1996,TENNESSEE,5000.0
467,1996,TEXAS,82000.0
468,1996,US TOTAL,2581000.0
469,1996,UTAH,34000.0
470,1996,VERMONT,4000.0
471,1996,VIRGINIA,7000.0
472,1996,WASHINGTON,60000.0
473,1996,WEST VIRGINIA,10000.0
474,1996,WISCONSIN,69000.0
475,1996,WYOMING,40000.0
476,1997,ALABAMA,14000.0
477,1997,ARIZONA,42000.0
478,1997,ARKANSAS,50000.0
479,1997,CALIFORNIA,420000.0
480,1997,COLORADO,35000.0
481,1997,FLORIDA,240000.0
482,1997,GEORGIA,75000.0
483,1997,HAWAII,9000.0
484,1997,IDAHO,120000.0
485,1997,ILLINOIS,7000.0
486,1997,INDIANA,8000.0
487,1997,IOWA,45000.0
488,1997,KANSAS,17000.0
489,1997,KENTUCKY,3000.0
490,1997,LOUISIANA,44000.0
491,1997,MAINE,8000.0
492,1997,MARYLAND,6000.0
493,1997,MICHIGAN,85000.0
494,1997,MINNESOTA,145000.0
495,1997,MISSISSIPPI,19000.0
496,1997,MISSOURI,24000.0
497,1997,MONTANA,107000.0
498,1997,NEBRASKA,61000.0
499,1997,NEVADA,14000.0
500,1997,NEW JERSEY,10000.0
501,1997,NEW MEXICO,15000.0
502,1997,NEW YORK,72000.0
503,1997,NORTH CAROLINA,8000.0
504,1997,NORTH DAKOTA,245000.0
505,1997,OHIO,22000.0
506,1997,OKLAHOMA,4000.0
507,1997,OREGON,50000.0
508,1997,OTHER STATES,14000.0
509,1997,PENNSYLVANIA,22000.0
510,1997,SOUTH DAKOTA,240000.0
511,1997,TENNESSEE,7000.0
512,1997,TEXAS,94000.0
513,1997,US TOTAL,2631000.0
514,1997,UTAH,32000.0
515,1997,VERMONT,5000.0
516,1997,VIRGINIA,8000.0
517,1997,WASHINGTON,60000.0
518,1997,WEST VIRGINIA,8000.0
519,1997,WISCONSIN,79000.0
520,1997,WYOMING,38000.0
521,1998,ALABAMA,16000.0
522,1998,ARIZONA,55000.0
523,1998,ARKANSAS,53000.0
524,1998,CALIFORNIA,450000.0
525,1998,COLORADO,27000.0
526,1998,FLORIDA,230000.0
527,1998,GEORGIA,75000.0
528,1998,HAWAII,8000.0
529,1998,IDAHO,120000.0
530,1998,ILLINOIS,9000.0
531,1998,INDIANA,9000.0
532,1998,IOWA,50000.0
533,1998,KANSAS,16000.0
534,1998,KENTUCKY,3000.0
535,1998,LOUISIANA,41000.0
536,1998,MAINE,10000.0
537,1998,MARYLAND,7000.0
538,1998,MICHIGAN,80000.0
539,1998,MINNESOTA,140000.0
540,1998,MISSISSIPPI,18000.0
541,1998,MISSOURI,23000.0
542,1998,MONTANA,115000.0
543,1998,NEBRASKA,64000.0
544,1998,NEVADA,10000.0
545,1998,NEW JERSEY,11000.0
546,1998,NEW MEXICO,14000.0
547,1998,NEW YORK,65000.0
548,1998,NORTH CAROLINA,8000.0
549,1998,NORTH DAKOTA,230000.0
550,1998,OHIO,18000.0
551,1998,OKLAHOMA,4000.0
552,1998,OREGON,50000.0
553,1998,OTHER STATES,16000.0
554,1998,PENNSYLVANIA,26000.0
555,1998,SOUTH DAKOTA,225000.0
556,1998,TENNESSEE,7000.0
557,1998,TEXAS,91000.0
558,1998,US TOTAL,2637000.0
559,1998,UTAH,30000.0
560,1998,VERMONT,6000.0
561,1998,VIRGINIA,8000.0
562,1998,WASHINGTON,58000.0
563,1998,WEST VIRGINIA,6000.0
564,1998,WISCONSIN,89000.0
565,1998,WYOMING,46000.0
566,1999,ALABAMA,17000.0
567,1999,ARIZONA,52000.0
568,1999,ARKANSAS,52000.0
569,1999,CALIFORNIA,465000.0
570,1999,COLORADO,27000.0
571,1999,FLORIDA,228000.0
572,1999,GEORGIA,65000.0
573,1999,HAWAII,8000.0
574,1999,IDAHO,120000.0
575,1999,ILLINOIS,9000.0
576,1999,INDIANA,10000.0
577,1999,IOWA,40000.0
578,1999,KANSAS,13000.0
579,1999,KENTUCKY,3000.0
580,1999,LOUISIANA,48000.0
581,1999,MAINE,14000.0
582,1999,MARYLAND,6000.0
583,1999,MICHIGAN,73000.0
584,1999,MINNESOTA,145000.0
585,1999,MISSISSIPPI,18000.0
586,1999,MISSOURI,24000.0
587,1999,MONTANA,122000.0
588,1999,NEBRASKA,58000.0
589,1999,NEVADA,9000.0
590,1999,NEW JERSEY,10000.0
591,1999,NEW MEXICO,15000.0
592,1999,NEW YORK,69000.0
593,1999,NORTH CAROLINA,9000.0
594,1999,NORTH DAKOTA,255000.0
595,1999,OHIO,20000.0
596,1999,OKLAHOMA,6000.0
597,1999,OREGON,45000.0
598,1999,OTHER STATES,15000.0
599,1999,PENNSYLVANIA,28000.0
600,1999,SOUTH DAKOTA,224000.0
601,1999,TENNESSEE,8000.0
602,1999,TEXAS,108000.0
603,1999,US TOTAL,2652000.0
604,1999,UTAH,26000.0
605,1999,VERMONT,6000.0
606,1999,VIRGINIA,7000.0
607,1999,WASHINGTON,52000.0
608,1999,WEST VIRGINIA,6000.0
609,1999,WISCONSIN,80000.0
610,1999,WYOMING,37000.0
611,2000,ALABAMA,16000.0
612,2000,ARIZONA,40000.0
613,2000,ARKANSAS,52000.0
614,2000,CALIFORNIA,440000.0
615,2000,COLORADO,29000.0
616,2000,FLORIDA,232000.0
617,2000,GEORGIA,55000.0
618,2000,HAWAII,7000.0
619,2000,IDAHO,100000.0
620,2000,ILLINOIS,8000.0
621,2000,INDIANA,8000.0
622,2000,IOWA,30000.0
623,2000,KANSAS,15000.0
624,2000,KENTUCKY,4000.0
625,2000,LOUISIANA,43000.0
626,2000,MAINE,11000.0
627,2000,MARYLAND,6000.0
628,2000,MICHIGAN,72000.0
629,2000,MINNESOTA,150000.0
630,2000,MISSISSIPPI,17000.0
631,2000,MISSOURI,23000.0
632,2000,MONTANA,124000.0
633,2000,NEBRASKA,50000.0
634,2000,NEVADA,10000.0
635,2000,NEW JERSEY,11000.0
636,2000,NEW MEXICO,15000.0
637,2000,NEW YORK,58000.0
638,2000,NORTH CAROLINA,11000.0
639,2000,NORTH DAKOTA,300000.0
640,2000,OHIO,18000.0
641,2000,OKLAHOMA,7000.0
642,2000,OREGON,48000.0
643,2000,OTHER STATES,18000.0
644,2000,PENNSYLVANIA,25000.0
645,2000,SOUTH DAKOTA,235000.0
646,2000,TENNESSEE,9000.0
647,2000,TEXAS,105000.0
648,2000,US TOTAL,2622000.0
649,2000,UTAH,24000.0
650,2000,VERMONT,7000.0
651,2000,VIRGINIA,7000.0
652,2000,WASHINGTON,52000.0
653,2000,WEST VIRGINIA,7000.0
654,2000,WISCONSIN,84000.0
655,2000,WYOMING,39000.0
656,2001,ALABAMA,14000.0
657,2001,ARIZONA,43000.0
658,2001,ARKANSAS,50000.0
659,2001,CALIFORNIA,460000.0
660,2001,COLORADO,26000.0
661,2001,FLORIDA,220000.0
662,2001,GEORGIA,55000.0
663,2001,HAWAII,8000.0
664,2001,IDAHO,100000.0
665,2001,ILLINOIS,6000.0
666,2001,INDIANA,7000.0
667,2001,IOWA,33000.0
668,2001,KANSAS,13000.0
669,2001,KENTUCKY,4000.0
670,2001,LOUISIANA,45000.0
671,2001,MAINE,11000.0
672,2001,MARYLAND,4000.0
673,2001,MICHIGAN,76000.0
674,2001,MINNESOTA,135000.0
675,2001,MISSISSIPPI,17000.0
676,2001,MISSOURI,22000.0
677,2001,MONTANA,136000.0
678,2001,NEBRASKA,43000.0
679,2001,NEVADA,9000.0
680,2001,NEW JERSEY,11000.0
681,2001,NEW MEXICO,10000.0
682,2001,NEW YORK,53000.0
683,2001,NORTH CAROLINA,13000.0
684,2001,NORTH DAKOTA,280000.0
685,2001,OHIO,18000.0
686,2001,OKLAHOMA,4000.0
687,2001,OREGON,44000.0
688,2001,OTHER STATES,8000.0
689,2001,PENNSYLVANIA,26000.0
690,2001,SOUTH CAROLINA,7000.0
691,2001,SOUTH DAKOTA,235000.0
692,2001,TENNESSEE,8000.0
693,2001,TEXAS,97000.0
694,2001,US TOTAL,2550000.0
695,2001,UTAH,23000.0
696,2001,VERMONT,7000.0
697,2001,VIRGINIA,9000.0
698,2001,WASHINGTON,48000.0
699,2001,WEST VIRGINIA,7000.0
700,2001,WISCONSIN,67000.0
701,2001,WYOMING,38000.0
702,2002,ALABAMA,12000.0
703,2002,ARIZONA,38000.0
704,2002,ARKANSAS,45000.0
705,2002,CALIFORNIA,470000.0
706,2002,COLORADO,24000.0
707,2002,FLORIDA,220000.0
708,2002,GEORGIA,50000.0
709,2002,HAWAII,7000.0
710,2002,IDAHO,100000.0
711,2002,ILLINOIS,9000.0
712,2002,INDIANA,8000.0
713,2002,IOWA,33000.0
714,2002,KANSAS,17000.0
715,2002,KENTUCKY,5000.0
716,2002,LOUISIANA,35000.0
717,2002,MAINE,11000.0
718,2002,MARYLAND,3000.0
719,2002,MICHIGAN,72000.0
720,2002,MINNESOTA,117000.0
721,2002,MISSISSIPPI,18000.0
722,2002,MISSOURI,18000.0
723,2002,MONTANA,134000.0
724,2002,NEBRASKA,43000.0
725,2002,NEVADA,9000.0
726,2002,NEW JERSEY,11000.0
727,2002,NEW MEXICO,11000.0
728,2002,NEW YORK,60000.0
729,2002,NORTH CAROLINA,16000.0
730,2002,NORTH DAKOTA,320000.0
731,2002,OHIO,18000.0
732,2002,OKLAHOMA,3000.0
733,2002,OREGON,43000.0
734,2002,OTHER STATES,9000.0
735,2002,PENNSYLVANIA,29000.0
736,2002,SOUTH CAROLINA,5000.0
737,2002,SOUTH DAKOTA,225000.0
738,2002,TENNESSEE,8000.0
739,2002,TEXAS,114000.0
740,2002,US TOTAL,2574000.0
741,2002,UTAH,22000.0
742,2002,VERMONT,7000.0
743,2002,VIRGINIA,8000.0
744,2002,WASHINGTON,50000.0
745,2002,WEST VIRGINIA,9000.0
746,2002,WISCONSIN,70000.0
747,2002,WYOMING,38000.0
748,2003,ALABAMA,13000.0
749,2003,ARIZONA,35000.0
750,2003,ARKANSAS,40000.0
751,2003,CALIFORNIA,480000.0
752,2003,COLORADO,24000.0
753,2003,FLORIDA,210000.0
754,2003,GEORGIA,52000.0
755,2003,HAWAII,7000.0
756,2003,IDAHO,100000.0
757,2003,ILLINOIS,7000.0
758,2003,INDIANA,5000.0
759,2003,IOWA,32000.0
760,2003,KANSAS,16000.0
761,2003,KENTUCKY,5000.0
762,2003,LOUISIANA,34000.0
763,2003,MAINE,8000.0
764,2003,MARYLAND,2000.0
765,2003,MICHIGAN,65000.0
766,2003,MINNESOTA,120000.0
767,2003,MISSISSIPPI,21000.0
768,2003,MISSOURI,17000.0
769,2003,MONTANA,145000.0
770,2003,NEBRASKA,45000.0
771,2003,NEVADA,6000.0
772,2003,NEW JERSEY,10000.0
773,2003,NEW MEXICO,6000.0
774,2003,NEW YORK,67000.0
775,2003,NORTH CAROLINA,10000.0
776,2003,NORTH DAKOTA,340000.0
777,2003,OHIO,15000.0
778,2003,OKLAHOMA,3000.0
779,2003,OREGON,42000.0
780,2003,OTHER STATES,8000.0
781,2003,PENNSYLVANIA,27000.0
782,2003,SOUTH CAROLINA,4000.0
783,2003,SOUTH DAKOTA,215000.0
784,2003,TENNESSEE,6000.0
785,2003,TEXAS,140000.0
786,2003,US TOTAL,2599000.0
787,2003,UTAH,25000.0
788,2003,VERMONT,7000.0
789,2003,VIRGINIA,6000.0
790,2003,WASHINGTON,58000.0
791,2003,WEST VIRGINIA,8000.0
792,2003,WISCONSIN,74000.0
793,2003,WYOMING,39000.0
794,2004,ALABAMA,12000.0
795,2004,ARIZONA,32000.0
796,2004,ARKANSAS,40000.0
797,2004,CALIFORNIA,390000.0
798,2004,COLORADO,23000.0
799,2004,FLORIDA,205000.0
800,2004,GEORGIA,63000.0
801,2004,HAWAII,8000.0
802,2004,IDAHO,100000.0
803,2004,ILLINOIS,7000.0
804,2004,INDIANA,7000.0
805,2004,IOWA,35000.0
806,2004,KANSAS,14000.0
807,2004,KENTUCKY,5000.0
808,2004,LOUISIANA,35000.0
809,2004,MAINE,7000.0
810,2004,MICHIGAN,65000.0
811,2004,MINNESOTA,135000.0
812,2004,MISSISSIPPI,18000.0
813,2004,MISSOURI,16000.0
814,2004,MONTANA,140000.0
815,2004,NEBRASKA,51000.0
816,2004,NEVADA,14000.0
817,2004,NEW JERSEY,12000.0
818,2004,NEW MEXICO,8000.0
819,2004,NEW YORK,64000.0
820,2004,NORTH CAROLINA,9000.0
821,2004,NORTH DAKOTA,390000.0
822,2004,OHIO,16000.0
823,2004,OREGON,42000.0
824,2004,OTHER STATES,15000.0
825,2004,PENNSYLVANIA,30000.0
826,2004,SOUTH DAKOTA,215000.0
827,2004,TENNESSEE,6000.0
828,2004,TEXAS,116000.0
829,2004,US TOTAL,2554000.0
830,2004,UTAH,24000.0
831,2004,VERMONT,6000.0
832,2004,VIRGINIA,7000.0
833,2004,WASHINGTON,56000.0
834,2004,WEST VIRGINIA,9000.0
835,2004,WISCONSIN,68000.0
836,2004,WYOMING,39000.0
837,2005,ALABAMA,13000.0
838,2005,ARIZONA,36000.0
839,2005,ARKANSAS,36000.0
840,2005,CALIFORNIA,400000.0
841,2005,COLORADO,28000.0
842,2005,FLORIDA,160000.0
843,2005,GEORGIA,59000.0
844,2005,HAWAII,9000.0
845,2005,IDAHO,95000.0
846,2005,ILLINOIS,8000.0
847,2005,INDIANA,8000.0
848,2005,IOWA,28000.0
849,2005,KANSAS,16000.0
850,2005,KENTUCKY,5000.0
851,2005,LOUISIANA,35000.0
852,2005,MAINE,8000.0
853,2005,MICHIGAN,65000.0
854,2005,MINNESOTA,120000.0
855,2005,MISSISSIPPI,16000.0
856,2005,MISSOURI,15000.0
857,2005,MONTANA,130000.0
858,2005,NEBRASKA,40000.0
859,2005,NEVADA,12000.0
860,2005,NEW JERSEY,12000.0
861,2005,NEW MEXICO,7000.0
862,2005,NEW YORK,59000.0
863,2005,NORTH CAROLINA,10000.0
864,2005,NORTH DAKOTA,370000.0
865,2005,OHIO,15000.0
866,2005,OREGON,39000.0
867,2005,OTHER STATES,15000.0
868,2005,PENNSYLVANIA,28000.0
869,2005,SOUTH DAKOTA,220000.0
870,2005,TENNESSEE,7000.0
871,2005,TEXAS,84000.0
872,2005,US TOTAL,2409000.0
873,2005,UTAH,24000.0
874,2005,VERMONT,6000.0
875,2005,VIRGINIA,8000.0
876,2005,WASHINGTON,51000.0
877,2005,WEST VIRGINIA,8000.0
878,2005,WISCONSIN,64000.0
879,2005,WYOMING,40000.0
880,2006,ALABAMA,11000.0
881,2006,ARIZONA,30000.0
882,2006,ARKANSAS,32000.0
883,2006,CALIFORNIA,380000.0
884,2006,COLORADO,36000.0
885,2006,FLORIDA,170000.0
886,2006,GEORGIA,63000.0
887,2006,HAWAII,10000.0
888,2006,IDAHO,95000.0
889,2006,ILLINOIS,10000.0
890,2006,INDIANA,7000.0
891,2006,IOWA,26000.0
892,2006,KANSAS,14000.0
893,2006,KENTUCKY,5000.0
894,2006,LOUISIANA,30000.0
895,2006,MAINE,11000.0
896,2006,MICHIGAN,72000.0
897,2006,MINNESOTA,125000.0
898,2006,MISSISSIPPI,14000.0
899,2006,MISSOURI,15000.0
900,2006,MONTANA,132000.0
901,2006,NEBRASKA,47000.0
902,2006,NEVADA,9000.0
903,2006,NEW JERSEY,9000.0
904,2006,NEW MEXICO,7000.0
905,2006,NEW YORK,58000.0
906,2006,NORTH CAROLINA,10000.0
907,2006,NORTH DAKOTA,350000.0
908,2006,OHIO,14000.0
909,2006,OREGON,46000.0
910,2006,OTHER STATES,16000.0
911,2006,PENNSYLVANIA,28000.0
912,2006,SOUTH DAKOTA,225000.0
913,2006,TENNESSEE,7000.0
914,2006,TEXAS,82000.0
915,2006,US TOTAL,2394000.0
916,2006,UTAH,26000.0
917,2006,VERMONT,6000.0
918,2006,VIRGINIA,8000.0
919,2006,WASHINGTON,49000.0
920,2006,WEST VIRGINIA,6000.0
921,2006,WISCONSIN,64000.0
922,2006,WYOMING,39000.0
923,2007,ALABAMA,11000.0
924,2007,ARIZONA,30000.0
925,2007,ARKANSAS,28000.0
926,2007,CALIFORNIA,340000.0
927,2007,COLORADO,31000.0
928,2007,FLORIDA,160000.0
929,2007,GEORGIA,60000.0
930,2007,HAWAII,10000.0
931,2007,IDAHO,92000.0
932,2007,ILLINOIS,9000.0
933,2007,INDIANA,8000.0
934,2007,IOWA,26000.0
935,2007,KANSAS,14000.0
936,2007,KENTUCKY,4000.0
937,2007,LOUISIANA,29000.0
938,2007,MAINE,9000.0
939,2007,MICHIGAN,72000.0
940,2007,MINNESOTA,130000.0
941,2007,MISSISSIPPI,15000.0
942,2007,MISSOURI,14000.0
943,2007,MONTANA,135000.0
944,2007,NEBRASKA,45000.0
945,2007,NEVADA,10000.0
946,2007,NEW JERSEY,9000.0
947,2007,NEW MEXICO,6000.0
948,2007,NEW YORK,53000.0
949,2007,NORTH CAROLINA,12000.0
950,2007,NORTH DAKOTA,420000.0
951,2007,OHIO,14000.0
952,2007,OREGON,46000.0
953,2007,OTHER STATES,15000.0
954,2007,PENNSYLVANIA,25000.0
955,2007,SOUTH DAKOTA,255000.0
956,2007,TENNESSEE,7000.0
957,2007,TEXAS,105000.0
958,2007,US TOTAL,2443000.0
959,2007,UTAH,28000.0
960,2007,VERMONT,5000.0
961,2007,VIRGINIA,6000.0
962,2007,WASHINGTON,46000.0
963,2007,WEST VIRGINIA,6000.0
964,2007,WISCONSIN,60000.0
965,2007,WYOMING,43000.0
966,2008,ALABAMA,9000.0
967,2008,ARIZONA,25000.0
968,2008,ARKANSAS,28000.0
969,2008,CALIFORNIA,360000.0
970,2008,COLORADO,27000.0
971,2008,FLORIDA,150000.0
972,2008,GEORGIA,65000.0
973,2008,HAWAII,10000.0
974,2008,IDAHO,90000.0
975,2008,ILLINOIS,8000.0
976,2008,INDIANA,7000.0
977,2008,IOWA,24000.0
978,2008,KANSAS,10000.0
979,2008,KENTUCKY,4000.0
980,2008,LOUISIANA,40000.0
981,2008,MAINE,7000.0
982,2008,MICHIGAN,71000.0
983,2008,MINNESOTA,122000.0
984,2008,MISSISSIPPI,14000.0
985,2008,MISSOURI,11000.0
986,2008,MONTANA,134000.0
987,2008,NEBRASKA,36000.0
988,2008,NEVADA,10000.0
989,2008,NEW JERSEY,9000.0
990,2008,NEW MEXICO,6000.0
991,2008,NEW YORK,50000.0
992,2008,NORTH CAROLINA,12000.0
993,2008,NORTH DAKOTA,400000.0
994,2008,OHIO,14000.0
995,2008,OREGON,50000.0
996,2008,OTHER STATES,16000.0
997,2008,PENNSYLVANIA,23000.0
998,2008,SOUTH DAKOTA,225000.0
999,2008,TENNESSEE,7000.0
1000,2008,TEXAS,77000.0
1001,2008,US TOTAL,2342000.0
1002,2008,UTAH,28000.0
1003,2008,VERMONT,5000.0
1004,2008,VIRGINIA,6000.0
1005,2008,WASHINGTON,49000.0
1006,2008,WEST VIRGINIA,6000.0
1007,2008,WISCONSIN,58000.0
1008,2008,WYOMING,39000.0
1009,2009,ALABAMA,9000.0
1010,2009,ARIZONA,20000.0
1011,2009,ARKANSAS,24000.0
1012,2009,CALIFORNIA,355000.0
1013,2009,COLORADO,28000.0
1014,2009,FLORIDA,170000.0
1015,2009,GEORGIA,65000.0
1016,2009,HAWAII,10000.0
1017,2009,IDAHO,103000.0
1018,2009,ILLINOIS,8000.0
1019,2009,INDIANA,9000.0
1020,2009,IOWA,26000.0
1021,2009,KANSAS,9000.0
1022,2009,KENTUCKY,5000.0
1023,2009,LOUISIANA,37000.0
1024,2009,MAINE,6000.0
1025,2009,MICHIGAN,66000.0
1026,2009,MINNESOTA,122000.0
1027,2009,MISSISSIPPI,14000.0
1028,2009,MISSOURI,11000.0
1029,2009,MONTANA,146000.0
1030,2009,NEBRASKA,48000.0
1031,2009,NEW JERSEY,11000.0
1032,2009,NEW MEXICO,7000.0
1033,2009,NEW YORK,45000.0
1034,2009,NORTH CAROLINA,11000.0
1035,2009,NORTH DAKOTA,450000.0
1036,2009,OHIO,11000.0
1037,2009,OREGON,55000.0
1038,2009,OTHER STATES,26000.0
1039,2009,PENNSYLVANIA,21000.0
1040,2009,SOUTH DAKOTA,270000.0
1041,2009,TENNESSEE,7000.0
1042,2009,TEXAS,89000.0
1043,2009,US TOTAL,2498000.0
1044,2009,UTAH,26000.0
1045,2009,VERMONT,5000.0
1046,2009,VIRGINIA,6000.0
1047,2009,WASHINGTON,62000.0
1048,2009,WEST VIRGINIA,5000.0
1049,2009,WISCONSIN,63000.0
1050,2009,WYOMING,37000.0
1051,2010,ALABAMA,9000.0
1052,2010,ARIZONA,24000.0
1053,2010,ARKANSAS,25000.0
1054,2010,CALIFORNIA,410000.0
1055,2010,COLORADO,34000.0
1056,2010,FLORIDA,200000.0
1057,2010,GEORGIA,55000.0
1058,2010,HAWAII,10000.0
1059,2010,IDAHO,97000.0
1060,2010,ILLINOIS,9000.0
1061,2010,INDIANA,10000.0
1062,2010,IOWA,27000.0
1063,2010,KANSAS,9000.0
1064,2010,KENTUCKY,5000.0
1065,2010,LOUISIANA,36000.0
1066,2010,MAINE,5000.0
1067,2010,MICHIGAN,71000.0
1068,2010,MINNESOTA,128000.0
1069,2010,MISSISSIPPI,16000.0
1070,2010,MISSOURI,11000.0
1071,2010,MONTANA,157000.0
1072,2010,NEBRASKA,41000.0
1073,2010,NEW JERSEY,13000.0
1074,2010,NEW MEXICO,7000.0
1075,2010,NEW YORK,45000.0
1076,2010,NORTH CAROLINA,13000.0
1077,2010,NORTH DAKOTA,510000.0
1078,2010,OHIO,18000.0
1079,2010,OREGON,59000.0
1080,2010,OTHER STATES,26000.0
1081,2010,PENNSYLVANIA,30000.0
1082,2010,SOUTH DAKOTA,265000.0
1083,2010,TENNESSEE,8000.0
1084,2010,TEXAS,100000.0
1085,2010,US TOTAL,2692000.0
1086,2010,UTAH,26000.0
1087,2010,VERMONT,4000.0
1088,2010,VIRGINIA,5000.0
1089,2010,WASHINGTON,71000.0
1090,2010,WEST VIRGINIA,5000.0
1091,2010,WISCONSIN,64000.0
1092,2010,WYOMING,34000.0
1093,2011,ALABAMA,9000.0
1094,2011,ARIZONA,23000.0
1095,2011,ARKANSAS,22000.0
1096,2011,CALIFORNIA,370000.0
1097,2011,COLORADO,31000.0
1098,2011,FLORIDA,180000.0
1099,2011,GEORGIA,65000.0
1100,2011,HAWAII,9000.0
1101,2011,IDAHO,87000.0
1102,2011,ILLINOIS,7000.0
1103,2011,INDIANA,8000.0
1104,2011,IOWA,25000.0
1105,2011,KANSAS,7000.0
1106,2011,KENTUCKY,4000.0
1107,2011,LOUISIANA,36000.0
1108,2011,MAINE,4000.0
1109,2011,MICHIGAN,74000.0
1110,2011,MINNESOTA,120000.0
1111,2011,MISSISSIPPI,18000.0
1112,2011,MISSOURI,8000.0
1113,2011,MONTANA,145000.0
1114,2011,NEBRASKA,41000.0
1115,2011,NEW JERSEY,11000.0
1116,2011,NEW MEXICO,7000.0
1117,2011,NEW YORK,49000.0
1118,2011,NORTH CAROLINA,14000.0
1119,2011,NORTH DAKOTA,460000.0
1120,2011,OHIO,15000.0
1121,2011,OREGON,60000.0
1122,2011,OTHER STATES,25000.0
1123,2011,PENNSYLVANIA,24000.0
1124,2011,SOUTH DAKOTA,250000.0
1125,2011,TENNESSEE,7000.0
1126,2011,TEXAS,78000.0
1127,2011,US TOTAL,2491000.0
1128,2011,UTAH,23000.0
1129,2011,VERMONT,4000.0
1130,2011,VIRGINIA,4000.0
1131,2011,WASHINGTON,71000.0
1132,2011,WEST VIRGINIA,4000.0
1133,2011,WISCONSIN,57000.0
1134,2011,WYOMING,35000.0
1135,2012,ALABAMA,8000.0
1136,2012,ARIZONA,22000.0
1137,2012,ARKANSAS,25000.0
1138,2012,CALIFORNIA,330000.0
1139,2012,COLORADO,25000.0
1140,2012,FLORIDA,193000.0
1141,2012,GEORGIA,59000.0
1142,2012,HAWAII,10000.0
1143,2012,IDAHO,92000.0
1144,2012,ILLINOIS,7000.0
1145,2012,INDIANA,8000.0
1146,2012,IOWA,37000.0
1147,2012,KANSAS,6000.0
1148,2012,KENTUCKY,5000.0
1149,2012,LOUISIANA,41000.0
1150,2012,MAINE,4000.0
1151,2012,MICHIGAN,73000.0
1152,2012,MINNESOTA,125000.0
1153,2012,MISSISSIPPI,18000.0
1154,2012,MISSOURI,7000.0
1155,2012,MONTANA,145000.0
1156,2012,NEBRASKA,43000.0
1157,2012,NEW JERSEY,14000.0
1158,2012,NEW MEXICO,5000.0
1159,2012,NEW YORK,51000.0
1160,2012,NORTH CAROLINA,13000.0
1161,2012,NORTH DAKOTA,480000.0
1162,2012,OHIO,18000.0
1163,2012,OREGON,60000.0
1164,2012,OTHER STATES,30000.0
1165,2012,PENNSYLVANIA,16000.0
1166,2012,SOUTH DAKOTA,260000.0
1167,2012,TENNESSEE,6000.0
1168,2012,TEXAS,92000.0
1169,2012,US TOTAL,2539000.0
1170,2012,UTAH,25000.0
1171,2012,VERMONT,4000.0
1172,2012,VIRGINIA,4000.0
1173,2012,WASHINGTON,62000.0
1174,2012,WEST VIRGINIA,6000.0
1175,2012,WISCONSIN,60000.0
1176,2012,WYOMING,50000.0
1177,2013,ALABAMA,7000.0
1178,2013,ARIZONA,29000.0
1179,2013,ARKANSAS,22000.0
1180,2013,CALIFORNIA,330000.0
1181,2013,COLORADO,26000.0
1182,2013,FLORIDA,220000.0
1183,2013,GEORGIA,67000.0
1184,2013,HAWAII,13000.0
1185,2013,IDAHO,83000.0
1186,2013,ILLINOIS,7000.0
1187,2013,INDIANA,6000.0
1188,2013,IOWA,39000.0
1189,2013,KANSAS,6000.0
1190,2013,KENTUCKY,3000.0
1191,2013,LOUISIANA,50000.0
1192,2013,MAINE,7000.0
1193,2013,MICHIGAN,85000.0
1194,2013,MINNESOTA,130000.0
1195,2013,MISSISSIPPI,17000.0
1196,2013,MISSOURI,10000.0
1197,2013,MONTANA,159000.0
1198,2013,NEBRASKA,46000.0
1199,2013,NEW JERSEY,11000.0
1200,2013,NEW YORK,55000.0
1201,2013,NORTH CAROLINA,10000.0
1202,2013,NORTH DAKOTA,480000.0
1203,2013,OHIO,17000.0
1204,2013,OREGON,62000.0
1205,2013,OTHER STATES,33000.0
1206,2013,PENNSYLVANIA,13000.0
1207,2013,SOUTH DAKOTA,265000.0
1208,2013,TENNESSEE,7000.0
1209,2013,TEXAS,106000.0
1210,2013,US TOTAL,2641000.0
1211,2013,UTAH,30000.0
1212,2013,VERMONT,4000.0
1213,2013,VIRGINIA,5000.0
1214,2013,WASHINGTON,69000.0
1215,2013,WEST VIRGINIA,6000.0
1216,2013,WISCONSIN,59000.0
1217,2013,WYOMING,47000.0
1218,2014,ALABAMA,7000.0
1219,2014,ARIZONA,26000.0
1220,2014,ARKANSAS,21000.0
1221,2014,CALIFORNIA,320000.0
1222,2014,COLORADO,27000.0
1223,2014,FLORIDA,245000.0
1224,2014,GEORGIA,73000.0
1225,2014,HAWAII,15000.0
1226,2014,IDAHO,100000.0
1227,2014,ILLINOIS,8000.0
1228,2014,INDIANA,5000.0
1229,2014,IOWA,35000.0
1230,2014,KANSAS,7000.0
1231,2014,KENTUCKY,5000.0
1232,2014,LOUISIANA,48000.0
1233,2014,MAINE,8000.0
1234,2014,MICHIGAN,91000.0
1235,2014,MINNESOTA,132000.0
1236,2014,MISSISSIPPI,20000.0
1237,2014,MISSOURI,12000.0
1238,2014,MONTANA,162000.0
1239,2014,NEBRASKA,50000.0
1240,2014,NEW JERSEY,12000.0
1241,2014,NEW YORK,60000.0
1242,2014,NORTH CAROLINA,12000.0
1243,2014,NORTH DAKOTA,490000.0
1244,2014,OHIO,15000.0
1245,2014,OREGON,71000.0
1246,2014,OTHER STATES,31000.0
1247,2014,PENNSYLVANIA,17000.0
1248,2014,SOUTH CAROLINA,9000.0
1249,2014,SOUTH DAKOTA,280000.0
1250,2014,TENNESSEE,7000.0
1251,2014,TEXAS,116000.0
1252,2014,US TOTAL,2741000.0
1253,2014,UTAH,29000.0
1254,2014,VERMONT,4000.0
1255,2014,VIRGINIA,6000.0
1256,2014,WASHINGTON,68000.0
1257,2014,WEST VIRGINIA,6000.0
1258,2014,WISCONSIN,53000.0
1259,2014,WYOMING,38000.0
1260,2015,ALABAMA,7600.0
1261,2015,ARIZONA,34000.0
1262,2015,ARKANSAS,19300.0
1263,2015,CALIFORNIA,847000.0
1264,2015,COLORADO,19500.0
1265,2015,CONNECTICUT,3450.0
1266,2015,FLORIDA,223800.0
1267,2015,GEORGIA,101000.0
1268,2015,HAWAII,13500.0
1269,2015,IDAHO,86600.0
1270,2015,ILLINOIS,10300.0
1271,2015,INDIANA,9900.0
1272,2015,IOWA,25000.0
1273,2015,KANSAS,7220.0
1274,2015,KENTUCKY,7700.0
1275,2015,LOUISIANA,48800.0
1276,2015,MAINE,5680.0
1277,2015,MARYLAND,7500.0
1278,2015,MASSACHUSETTS,4750.0
1279,2015,MICHIGAN,64100.0
1280,2015,MINNESOTA,91600.0
1281,2015,MISSISSIPPI,38400.0
1282,2015,MISSOURI,12200.0
1283,2015,MONTANA,89300.0
1284,2015,NEBRASKA,47000.0
1285,2015,NEW JERSEY,10600.0
1286,2015,NEW MEXICO,6500.0
1287,2015,NEW YORK,39600.0
1288,2015,NORTH CAROLINA,20300.0
1289,2015,NORTH DAKOTA,271600.0
1290,2015,OHIO,18900.0
1291,2015,OKLAHOMA,14750.0
1292,2015,OREGON,79600.0
1293,2015,OTHER STATES,13110.0
1294,2015,PENNSYLVANIA,18700.0
1295,2015,SOUTH CAROLINA,14100.0
1296,2015,SOUTH DAKOTA,185800.0
1297,2015,TENNESSEE,8500.0
1298,2015,TEXAS,164600.0
1299,2015,US TOTAL,1615194.4444444445
1300,2015,UTAH,23200.0
1301,2015,VERMONT,5800.0
1302,2015,VIRGINIA,7200.0
1303,2015,WASHINGTON,80200.0
1304,2015,WEST VIRGINIA,5680.0
1305,2015,WISCONSIN,40300.0
1306,2015,WYOMING,21700.0
1307,2016,ALABAMA,7500.0
1308,2016,ARIZONA,27600.0
1309,2016,ARKANSAS,27000.0
1310,2016,CALIFORNIA,812000.0
1311,2016,COLORADO,21900.0
1312,2016,CONNECTICUT,2850.0
1313,2016,FLORIDA,237000.0
1314,2016,GEORGIA,100400.0
1315,2016,HAWAII,14700.0
1316,2016,IDAHO,89600.0
1317,2016,ILLINOIS,9500.0
1318,2016,INDIANA,7160.0
1319,2016,IOWA,32900.0
1320,2016,KANSAS,5940.0
1321,2016,KENTUCKY,6400.0
1322,2016,LOUISIANA,51000.0
1323,2016,MAINE,5360.0
1324,2016,MARYLAND,7500.0
1325,2016,MASSACHUSETTS,6175.0
1326,2016,MICHIGAN,72600.0
1327,2016,MINNESOTA,86400.0
1328,2016,MISSISSIPPI,32300.0
1329,2016,MISSOURI,10500.0
1330,2016,MONTANA,101700.0
1331,2016,NEBRASKA,32100.0
1332,2016,NEW JERSEY,10440.0
1333,2016,NEW MEXICO,6500.0
1334,2016,NEW YORK,46000.0
1335,2016,NORTH CAROLINA,20700.0
1336,2016,NORTH DAKOTA,315800.0
1337,2016,OHIO,17200.0
1338,2016,OKLAHOMA,8075.0
1339,2016,OREGON,84800.0
1340,2016,OTHER STATES,14110.0
1341,2016,PENNSYLVANIA,16500.0
1342,2016,SOUTH CAROLINA,14000.0
1343,2016,SOUTH DAKOTA,140400.0
1344,2016,TENNESSEE,8400.0
1345,2016,TEXAS,195600.0
1346,2016,US TOTAL,1621516.6666666667
1347,2016,UTAH,22900.0
1348,2016,VERMONT,5900.0
1349,2016,VIRGINIA,6500.0
1350,2016,WASHINGTON,74800.0
1351,2016,WEST VIRGINIA,6700.0
1352,2016,WISCONSIN,44500.0
1353,2016,WYOMING,21240.0
1354,2017,ALABAMA,7000.0
1355,2017,ARIZONA,25600.0
1356,2017,ARKANSAS,23600.0
1357,2017,CALIFORNIA,751000.0
1358,2017,COLORADO,25600.0
1359,2017,CONNECTICUT,3400.0
1360,2017,FLORIDA,213200.0
1361,2017,GEORGIA,119600.0
1362,2017,HAWAII,14800.0
1363,2017,IDAHO,90600.0
1364,2017,ILLINOIS,12000.0
1365,2017,INDIANA,9400.0
1366,2017,IOWA,28400.0
1367,2017,KANSAS,5620.0
1368,2017,KENTUCKY,7000.0
1369,2017,LOUISIANA,53000.0
1370,2017,MAINE,5580.0
1371,2017,MARYLAND,8375.0
1372,2017,MASSACHUSETTS,5200.0
1373,2017,MICHIGAN,72400.0
1374,2017,MINNESOTA,83800.0
1375,2017,MISSISSIPPI,35200.0
1376,2017,MISSOURI,8000.0
1377,2017,MONTANA,95900.0
1378,2017,NEBRASKA,29000.0
1379,2017,NEW JERSEY,11200.0
1380,2017,NEW MEXICO,7250.0
1381,2017,NEW YORK,44800.0
1382,2017,NORTH CAROLINA,20000.0
1383,2017,NORTH DAKOTA,300000.0
1384,2017,OHIO,17100.0
1385,2017,OKLAHOMA,12775.0
1386,2017,OREGON,81600.0
1387,2017,OTHER STATES,12202.0
1388,2017,PENNSYLVANIA,18200.0
1389,2017,SOUTH CAROLINA,16000.0
1390,2017,SOUTH DAKOTA,113800.0
1391,2017,TENNESSEE,8500.0
1392,2017,TEXAS,194200.0
1393,2017,US TOTAL,1557834.4444444445
1394,2017,UTAH,25600.0
1395,2017,VERMONT,6700.0
1396,2017,VIRGINIA,8700.0
1397,2017,WASHINGTON,73600.0
1398,2017,WEST VIRGINIA,7300.0
1399,2017,WISCONSIN,42600.0
1400,2017,WYOMING,24700.0
1401,2018,ALABAMA,7100.0
1402,2018,ARIZONA,25000.0
1403,2018,ARKANSAS,24700.0
1404,2018,CALIFORNIA,777000.0
1405,2018,COLORADO,24900.0
1406,2018,CONNECTICUT,3300.0
1407,2018,FLORIDA,229400.0
1408,2018,GEORGIA,129000.0
1409,2018,HAWAII,16600.0
1410,2018,IDAHO,100000.0
1411,2018,ILLINOIS,10900.0
1412,2018,INDIANA,8500.0
1413,2018,IOWA,40200.0
1414,2018,KANSAS,4820.0
1415,2018,KENTUCKY,5700.0
1416,2018,LOUISIANA,49200.0
1417,2018,MAINE,8120.0
1418,2018,MARYLAND,7375.0
1419,2018,MASSACHUSETTS,5025.0
1420,2018,MICHIGAN,63100.0
1421,2018,MINNESOTA,86400.0
1422,2018,MISSISSIPPI,24000.0
1423,2018,MISSOURI,8800.0
1424,2018,MONTANA,97600.0
1425,2018,NEBRASKA,30800.0
1426,2018,NEW JERSEY,10680.0
1427,2018,NEW MEXICO,5850.0
1428,2018,NEW YORK,42000.0
1429,2018,NORTH CAROLINA,15700.0
1430,2018,NORTH DAKOTA,315000.0
1431,2018,OHIO,13700.0
1432,2018,OKLAHOMA,9200.0
1433,2018,OREGON,84000.0
1434,2018,OTHER STATES,11812.0
1435,2018,PENNSYLVANIA,18000.0
1436,2018,SOUTH CAROLINA,12600.0
1437,2018,SOUTH DAKOTA,119200.0
1438,2018,TENNESSEE,8400.0
1439,2018,TEXAS,174000.0
1440,2018,US TOTAL,2791372.0
1441,2018,UTAH,21000.0
1442,2018,VERMONT,6300.0
1443,2018,VIRGINIA,6100.0
1444,2018,WASHINGTON,65400.0
1445,2018,WEST VIRGINIA,6440.0
1446,2018,WISCONSIN,41400.0
1447,2018,WYOMING,23200.0
1448,2019,ALABAMA,6375.0
1449,2019,ARIZONA,26250.0
1450,2019,ARKANSAS,21750.0
1451,2019,CALIFORNIA,706250.0
1452,2019,COLORADO,24250.0
1453,2019,CONNECTICUT,3766.6666666666665
1454,2019,FLORIDA,246250.0
1455,2019,GEORGIA,114250.0
1456,2019,HAWAII,16625.0
1457,2019,IDAHO,107500.0
1458,2019,ILLINOIS,11625.0
1459,2019,INDIANA,11625.0
1460,2019,IOWA,26875.0
1461,2019,KANSAS,5950.0
1462,2019,KENTUCKY,6550.0
1463,2019,LOUISIANA,46500.0
1464,2019,MAINE,11250.0
1465,2019,MARYLAND,7333.333333333333
1466,2019,MASSACHUSETTS,7433.333333333333
1467,2019,MICHIGAN,74000.0
1468,2019,MINNESOTA,89500.0
1469,2019,MISSISSIPPI,23000.0
1470,2019,MISSOURI,9500.0
1471,2019,MONTANA,107000.0
1472,2019,NEBRASKA,32375.0
1473,2019,NEW JERSEY,13125.0
1474,2019,NEW MEXICO,4400.0
1475,2019,NEW YORK,53250.0
1476,2019,NORTH CAROLINA,16000.0
1477,2019,NORTH DAKOTA,390500.0
1478,2019,OHIO,16000.0
1479,2019,OKLAHOMA,11666.666666666666
1480,2019,OREGON,93500.0
1481,2019,OTHER STATES,15185.0
1482,2019,PENNSYLVANIA,18500.0
1483,2019,SOUTH CAROLINA,13750.0
1484,2019,SOUTH DAKOTA,183125.0
1485,2019,TENNESSEE,9750.0
1486,2019,TEXAS,160250.0
1487,2019,US TOTAL,2919385.0
1488,2019,UTAH,21125.0
1489,2019,VERMONT,6625.0
1490,2019,VIRGINIA,6875.0
1491,2019,WASHINGTON,76500.0
1492,2019,WEST VIRGINIA,7125.0
1493,2019,WISCONSIN,42875.0
1494,2019,WYOMING,24125.0
1495,2020,ALABAMA,7000.0
1496,2020,ARIZONA,27500.0
1497,2020,ARKANSAS,16750.0
1498,2020,CALIFORNIA,1275000.0
1499,2020,COLORADO,10500.0
1500,2020,CONNECTICUT,3800.0
1501,2020,FLORIDA,310000.0
1502,2020,GEORGIA,128000.0
1503,2020,HAWAII,15750.0
1504,2020,IDAHO,102000.0
1505,2020,ILLINOIS,11750.0
1506,2020,INDIANA,11000.0
1507,2020,IOWA,15000.0
1508,2020,KANSAS,6000.0
1509,2020,KENTUCKY,9000.0
1510,2020,LOUISIANA,48500.0
1511,2020,MAINE,1450.0
1512,2020,MARYLAND,7000.0
1513,2020,MASSACHUSETTS,4050.0
1514,2020,MICHIGAN,62000.0
1515,2020,MINNESOTA,40000.0
1516,2020,MISSISSIPPI,30000.0
1517,2020,MISSOURI,7500.0
1518,2020,MONTANA,33000.0
1519,2020,NEBRASKA,12750.0
1520,2020,NEW JERSEY,6750.0
1521,2020,NEW MEXICO,4550.0
1522,2020,NEW YORK,31000.0
1523,2020,NORTH CAROLINA,19500.0
1524,2020,NORTH DAKOTA,60000.0
1525,2020,OHIO,15500.0
1526,2020,OKLAHOMA,17750.0
1527,2020,OREGON,93000.0
1528,2020,OTHER STATES,7150.0
1529,2020,PENNSYLVANIA,21250.0
1530,2020,SOUTH CAROLINA,16250.0
1531,2020,SOUTH DAKOTA,14750.0
1532,2020,TENNESSEE,10750.0
1533,2020,TEXAS,297500.0
1534,2020,US TOTAL,2929500.0
1535,2020,UTAH,16500.0
1536,2020,VERMONT,6750.0
1537,2020,VIRGINIA,6750.0
1538,2020,WASHINGTON,49500.0
1539,2020,WEST VIRGINIA,6750.0
1540,2020,WISCONSIN,21500.0
1541,2020,WYOMING,10750.0
